DateRep;Country;Cases_cumsum
10/1/20;Acomayo;312
10/1/20;Anta;1706
10/1/20;Calca;1016
10/1/20;Canas;266
10/1/20;Canchis;2489
10/1/20;Chumbivilcas;679
10/1/20;Cusco;41056
10/1/20;Espinar;1324
10/1/20;La Convencion;5678
10/1/20;Paruro;291
10/1/20;Paucartambo;374
10/1/20;Quispicanchi;2241
10/1/20;Urubamba;1444
10/10/20;Acomayo;366
10/10/20;Anta;1782
10/10/20;Calca;1086
10/10/20;Canas;283
10/10/20;Canchis;3037
10/10/20;Chumbivilcas;784
10/10/20;Cusco;42412
10/10/20;Espinar;1506
10/10/20;La Convencion;5918
10/10/20;Paruro;409
10/10/20;Paucartambo;387
10/10/20;Quispicanchi;2315
10/10/20;Urubamba;1553
10/11/20;Acomayo;368
10/11/20;Anta;1784
10/11/20;Calca;1086
10/11/20;Canas;286
10/11/20;Canchis;3038
10/11/20;Chumbivilcas;786
10/11/20;Cusco;42428
10/11/20;Espinar;1512
10/11/20;La Convencion;5926
10/11/20;Paruro;410
10/11/20;Paucartambo;389
10/11/20;Quispicanchi;2317
10/11/20;Urubamba;1563
10/12/20;Acomayo;368
10/12/20;Anta;1792
10/12/20;Calca;1088
10/12/20;Canas;288
10/12/20;Canchis;3065
10/12/20;Chumbivilcas;786
10/12/20;Cusco;43144
10/12/20;Espinar;1575
10/12/20;La Convencion;5962
10/12/20;Paruro;420
10/12/20;Paucartambo;390
10/12/20;Quispicanchi;2322
10/12/20;Urubamba;1593
10/13/20;Acomayo;371
10/13/20;Anta;1795
10/13/20;Calca;1093
10/13/20;Canas;290
10/13/20;Canchis;3116
10/13/20;Chumbivilcas;789
10/13/20;Cusco;43526
10/13/20;Espinar;1624
10/13/20;La Convencion;6003
10/13/20;Paruro;422
10/13/20;Paucartambo;393
10/13/20;Quispicanchi;2328
10/13/20;Urubamba;1601
10/14/20;Acomayo;374
10/14/20;Anta;1802
10/14/20;Calca;1101
10/14/20;Canas;291
10/14/20;Canchis;3142
10/14/20;Chumbivilcas;792
10/14/20;Cusco;43719
10/14/20;Espinar;1691
10/14/20;La Convencion;6029
10/14/20;Paruro;426
10/14/20;Paucartambo;395
10/14/20;Quispicanchi;2336
10/14/20;Urubamba;1633
10/15/20;Acomayo;379
10/15/20;Anta;1806
10/15/20;Calca;1102
10/15/20;Canas;295
10/15/20;Canchis;3155
10/15/20;Chumbivilcas;795
10/15/20;Cusco;43895
10/15/20;Espinar;1742
10/15/20;La Convencion;6045
10/15/20;Paruro;427
10/15/20;Paucartambo;396
10/15/20;Quispicanchi;2341
10/15/20;Urubamba;1690
10/16/20;Acomayo;381
10/16/20;Anta;1810
10/16/20;Calca;1106
10/16/20;Canas;299
10/16/20;Canchis;3174
10/16/20;Chumbivilcas;799
10/16/20;Cusco;44060
10/16/20;Espinar;1788
10/16/20;La Convencion;6072
10/16/20;Paruro;429
10/16/20;Paucartambo;397
10/16/20;Quispicanchi;2346
10/16/20;Urubamba;1713
10/17/20;Acomayo;383
10/17/20;Anta;1813
10/17/20;Calca;1106
10/17/20;Canas;302
10/17/20;Canchis;3184
10/17/20;Chumbivilcas;801
10/17/20;Cusco;44112
10/17/20;Espinar;1814
10/17/20;La Convencion;6102
10/17/20;Paruro;430
10/17/20;Paucartambo;398
10/17/20;Quispicanchi;2353
10/17/20;Urubamba;1717
10/18/20;Acomayo;384
10/18/20;Anta;1813
10/18/20;Calca;1106
10/18/20;Canas;304
10/18/20;Canchis;3187
10/18/20;Chumbivilcas;802
10/18/20;Cusco;44128
10/18/20;Espinar;1827
10/18/20;La Convencion;6115
10/18/20;Paruro;430
10/18/20;Paucartambo;399
10/18/20;Quispicanchi;2353
10/18/20;Urubamba;1717
10/19/20;Acomayo;386
10/19/20;Anta;1816
10/19/20;Calca;1114
10/19/20;Canas;305
10/19/20;Canchis;3207
10/19/20;Chumbivilcas;806
10/19/20;Cusco;44237
10/19/20;Espinar;1863
10/19/20;La Convencion;6136
10/19/20;Paruro;430
10/19/20;Paucartambo;399
10/19/20;Quispicanchi;2363
10/19/20;Urubamba;1725
10/2/20;Acomayo;319
10/2/20;Anta;1728
10/2/20;Calca;1021
10/2/20;Canas;272
10/2/20;Canchis;2516
10/2/20;Chumbivilcas;684
10/2/20;Cusco;41337
10/2/20;Espinar;1332
10/2/20;La Convencion;5698
10/2/20;Paruro;293
10/2/20;Paucartambo;375
10/2/20;Quispicanchi;2244
10/2/20;Urubamba;1463
10/20/20;Acomayo;386
10/20/20;Anta;1821
10/20/20;Calca;1150
10/20/20;Canas;307
10/20/20;Canchis;3210
10/20/20;Chumbivilcas;811
10/20/20;Cusco;44368
10/20/20;Espinar;1885
10/20/20;La Convencion;6163
10/20/20;Paruro;430
10/20/20;Paucartambo;400
10/20/20;Quispicanchi;2425
10/20/20;Urubamba;1740
10/21/20;Acomayo;386
10/21/20;Anta;1827
10/21/20;Calca;1163
10/21/20;Canas;310
10/21/20;Canchis;3224
10/21/20;Chumbivilcas;814
10/21/20;Cusco;44457
10/21/20;Espinar;1907
10/21/20;La Convencion;6182
10/21/20;Paruro;430
10/21/20;Paucartambo;401
10/21/20;Quispicanchi;2430
10/21/20;Urubamba;1743
10/22/20;Acomayo;387
10/22/20;Anta;1833
10/22/20;Calca;1173
10/22/20;Canas;311
10/22/20;Canchis;3230
10/22/20;Chumbivilcas;814
10/22/20;Cusco;44611
10/22/20;Espinar;1921
10/22/20;La Convencion;6194
10/22/20;Paruro;431
10/22/20;Paucartambo;433
10/22/20;Quispicanchi;2442
10/22/20;Urubamba;1744
10/23/20;Acomayo;389
10/23/20;Anta;1834
10/23/20;Calca;1175
10/23/20;Canas;311
10/23/20;Canchis;3241
10/23/20;Chumbivilcas;815
10/23/20;Cusco;44723
10/23/20;Espinar;1940
10/23/20;La Convencion;6211
10/23/20;Paruro;432
10/23/20;Paucartambo;464
10/23/20;Quispicanchi;2445
10/23/20;Urubamba;1754
10/24/20;Acomayo;389
10/24/20;Anta;1837
10/24/20;Calca;1178
10/24/20;Canas;311
10/24/20;Canchis;3249
10/24/20;Chumbivilcas;817
10/24/20;Cusco;44838
10/24/20;Espinar;1944
10/24/20;La Convencion;6233
10/24/20;Paruro;432
10/24/20;Paucartambo;468
10/24/20;Quispicanchi;2450
10/24/20;Urubamba;1759
10/25/20;Acomayo;389
10/25/20;Anta;1837
10/25/20;Calca;1178
10/25/20;Canas;314
10/25/20;Canchis;3254
10/25/20;Chumbivilcas;817
10/25/20;Cusco;44849
10/25/20;Espinar;1947
10/25/20;La Convencion;6234
10/25/20;Paruro;432
10/25/20;Paucartambo;468
10/25/20;Quispicanchi;2451
10/25/20;Urubamba;1760
10/26/20;Acomayo;389
10/26/20;Anta;1840
10/26/20;Calca;1186
10/26/20;Canas;316
10/26/20;Canchis;3263
10/26/20;Chumbivilcas;818
10/26/20;Cusco;44998
10/26/20;Espinar;1967
10/26/20;La Convencion;6253
10/26/20;Paruro;433
10/26/20;Paucartambo;471
10/26/20;Quispicanchi;2460
10/26/20;Urubamba;1766
10/27/20;Acomayo;390
10/27/20;Anta;1849
10/27/20;Calca;1234
10/27/20;Canas;317
10/27/20;Canchis;3271
10/27/20;Chumbivilcas;821
10/27/20;Cusco;45084
10/27/20;Espinar;1973
10/27/20;La Convencion;6268
10/27/20;Paruro;434
10/27/20;Paucartambo;472
10/27/20;Quispicanchi;2467
10/27/20;Urubamba;1769
10/28/20;Acomayo;391
10/28/20;Anta;1851
10/28/20;Calca;1253
10/28/20;Canas;320
10/28/20;Canchis;3297
10/28/20;Chumbivilcas;826
10/28/20;Cusco;45167
10/28/20;Espinar;1983
10/28/20;La Convencion;6297
10/28/20;Paruro;435
10/28/20;Paucartambo;473
10/28/20;Quispicanchi;2470
10/28/20;Urubamba;1773
10/29/20;Acomayo;392
10/29/20;Anta;1856
10/29/20;Calca;1256
10/29/20;Canas;321
10/29/20;Canchis;3305
10/29/20;Chumbivilcas;830
10/29/20;Cusco;45269
10/29/20;Espinar;1994
10/29/20;La Convencion;6342
10/29/20;Paruro;437
10/29/20;Paucartambo;476
10/29/20;Quispicanchi;2470
10/29/20;Urubamba;1775
10/3/20;Acomayo;319
10/3/20;Anta;1736
10/3/20;Calca;1026
10/3/20;Canas;277
10/3/20;Canchis;2538
10/3/20;Chumbivilcas;691
10/3/20;Cusco;41621
10/3/20;Espinar;1346
10/3/20;La Convencion;5725
10/3/20;Paruro;294
10/3/20;Paucartambo;378
10/3/20;Quispicanchi;2252
10/3/20;Urubamba;1476
10/30/20;Acomayo;394
10/30/20;Anta;1857
10/30/20;Calca;1258
10/30/20;Canas;323
10/30/20;Canchis;3317
10/30/20;Chumbivilcas;833
10/30/20;Cusco;45346
10/30/20;Espinar;2006
10/30/20;La Convencion;6386
10/30/20;Paruro;452
10/30/20;Paucartambo;479
10/30/20;Quispicanchi;2474
10/30/20;Urubamba;1776
10/31/20;Acomayo;394
10/31/20;Anta;1861
10/31/20;Calca;1262
10/31/20;Canas;323
10/31/20;Canchis;3324
10/31/20;Chumbivilcas;840
10/31/20;Cusco;45406
10/31/20;Espinar;2009
10/31/20;La Convencion;6421
10/31/20;Paruro;467
10/31/20;Paucartambo;480
10/31/20;Quispicanchi;2476
10/31/20;Urubamba;1778
10/4/20;Acomayo;320
10/4/20;Anta;1736
10/4/20;Calca;1028
10/4/20;Canas;277
10/4/20;Canchis;2540
10/4/20;Chumbivilcas;692
10/4/20;Cusco;41689
10/4/20;Espinar;1346
10/4/20;La Convencion;5740
10/4/20;Paruro;294
10/4/20;Paucartambo;378
10/4/20;Quispicanchi;2252
10/4/20;Urubamba;1478
10/5/20;Acomayo;325
10/5/20;Anta;1739
10/5/20;Calca;1058
10/5/20;Canas;277
10/5/20;Canchis;2556
10/5/20;Chumbivilcas;697
10/5/20;Cusco;41843
10/5/20;Espinar;1362
10/5/20;La Convencion;5776
10/5/20;Paruro;295
10/5/20;Paucartambo;383
10/5/20;Quispicanchi;2259
10/5/20;Urubamba;1486
10/6/20;Acomayo;326
10/6/20;Anta;1744
10/6/20;Calca;1068
10/6/20;Canas;277
10/6/20;Canchis;2576
10/6/20;Chumbivilcas;700
10/6/20;Cusco;41970
10/6/20;Espinar;1372
10/6/20;La Convencion;5801
10/6/20;Paruro;297
10/6/20;Paucartambo;383
10/6/20;Quispicanchi;2268
10/6/20;Urubamba;1496
10/7/20;Acomayo;326
10/7/20;Anta;1752
10/7/20;Calca;1071
10/7/20;Canas;278
10/7/20;Canchis;2586
10/7/20;Chumbivilcas;701
10/7/20;Cusco;42067
10/7/20;Espinar;1387
10/7/20;La Convencion;5832
10/7/20;Paruro;297
10/7/20;Paucartambo;384
10/7/20;Quispicanchi;2278
10/7/20;Urubamba;1506
10/8/20;Acomayo;328
10/8/20;Anta;1762
10/8/20;Calca;1076
10/8/20;Canas;280
10/8/20;Canchis;2761
10/8/20;Chumbivilcas;703
10/8/20;Cusco;42143
10/8/20;Espinar;1437
10/8/20;La Convencion;5852
10/8/20;Paruro;318
10/8/20;Paucartambo;384
10/8/20;Quispicanchi;2287
10/8/20;Urubamba;1515
10/9/20;Acomayo;363
10/9/20;Anta;1771
10/9/20;Calca;1081
10/9/20;Canas;283
10/9/20;Canchis;2951
10/9/20;Chumbivilcas;728
10/9/20;Cusco;42231
10/9/20;Espinar;1456
10/9/20;La Convencion;5880
10/9/20;Paruro;379
10/9/20;Paucartambo;387
10/9/20;Quispicanchi;2293
10/9/20;Urubamba;1521
11/1/20;Acomayo;394
11/1/20;Anta;1862
11/1/20;Calca;1263
11/1/20;Canas;323
11/1/20;Canchis;3328
11/1/20;Chumbivilcas;841
11/1/20;Cusco;45430
11/1/20;Espinar;2010
11/1/20;La Convencion;6432
11/1/20;Paruro;467
11/1/20;Paucartambo;480
11/1/20;Quispicanchi;2482
11/1/20;Urubamba;1779
11/10/20;Acomayo;402
11/10/20;Anta;1901
11/10/20;Calca;1287
11/10/20;Canas;349
11/10/20;Canchis;3410
11/10/20;Chumbivilcas;863
11/10/20;Cusco;46485
11/10/20;Espinar;2100
11/10/20;La Convencion;6669
11/10/20;Paruro;480
11/10/20;Paucartambo;494
11/10/20;Quispicanchi;2612
11/10/20;Urubamba;1879
11/11/20;Acomayo;402
11/11/20;Anta;1904
11/11/20;Calca;1293
11/11/20;Canas;350
11/11/20;Canchis;3418
11/11/20;Chumbivilcas;864
11/11/20;Cusco;46566
11/11/20;Espinar;2114
11/11/20;La Convencion;6688
11/11/20;Paruro;482
11/11/20;Paucartambo;498
11/11/20;Quispicanchi;2614
11/11/20;Urubamba;1888
11/12/20;Acomayo;403
11/12/20;Anta;1906
11/12/20;Calca;1295
11/12/20;Canas;350
11/12/20;Canchis;3424
11/12/20;Chumbivilcas;866
11/12/20;Cusco;46648
11/12/20;Espinar;2132
11/12/20;La Convencion;6718
11/12/20;Paruro;483
11/12/20;Paucartambo;499
11/12/20;Quispicanchi;2617
11/12/20;Urubamba;1892
11/13/20;Acomayo;405
11/13/20;Anta;1908
11/13/20;Calca;1296
11/13/20;Canas;350
11/13/20;Canchis;3437
11/13/20;Chumbivilcas;875
11/13/20;Cusco;46714
11/13/20;Espinar;2142
11/13/20;La Convencion;6752
11/13/20;Paruro;491
11/13/20;Paucartambo;501
11/13/20;Quispicanchi;2622
11/13/20;Urubamba;1896
11/14/20;Acomayo;405
11/14/20;Anta;1909
11/14/20;Calca;1300
11/14/20;Canas;351
11/14/20;Canchis;3448
11/14/20;Chumbivilcas;879
11/14/20;Cusco;46771
11/14/20;Espinar;2146
11/14/20;La Convencion;6774
11/14/20;Paruro;492
11/14/20;Paucartambo;502
11/14/20;Quispicanchi;2623
11/14/20;Urubamba;1898
11/15/20;Acomayo;410
11/15/20;Anta;1909
11/15/20;Calca;1301
11/15/20;Canas;353
11/15/20;Canchis;3454
11/15/20;Chumbivilcas;883
11/15/20;Cusco;46780
11/15/20;Espinar;2148
11/15/20;La Convencion;6779
11/15/20;Paruro;493
11/15/20;Paucartambo;503
11/15/20;Quispicanchi;2623
11/15/20;Urubamba;1900
11/16/20;Acomayo;414
11/16/20;Anta;1912
11/16/20;Calca;1306
11/16/20;Canas;355
11/16/20;Canchis;3465
11/16/20;Chumbivilcas;889
11/16/20;Cusco;46863
11/16/20;Espinar;2160
11/16/20;La Convencion;6800
11/16/20;Paruro;495
11/16/20;Paucartambo;506
11/16/20;Quispicanchi;2624
11/16/20;Urubamba;1913
11/17/20;Acomayo;414
11/17/20;Anta;1915
11/17/20;Calca;1309
11/17/20;Canas;355
11/17/20;Canchis;3476
11/17/20;Chumbivilcas;892
11/17/20;Cusco;46947
11/17/20;Espinar;2172
11/17/20;La Convencion;6815
11/17/20;Paruro;495
11/17/20;Paucartambo;507
11/17/20;Quispicanchi;2627
11/17/20;Urubamba;1929
11/18/20;Acomayo;415
11/18/20;Anta;1922
11/18/20;Calca;1312
11/18/20;Canas;357
11/18/20;Canchis;3484
11/18/20;Chumbivilcas;898
11/18/20;Cusco;47018
11/18/20;Espinar;2181
11/18/20;La Convencion;6835
11/18/20;Paruro;496
11/18/20;Paucartambo;509
11/18/20;Quispicanchi;2631
11/18/20;Urubamba;1934
11/19/20;Acomayo;418
11/19/20;Anta;1922
11/19/20;Calca;1314
11/19/20;Canas;359
11/19/20;Canchis;3486
11/19/20;Chumbivilcas;900
11/19/20;Cusco;47089
11/19/20;Espinar;2188
11/19/20;La Convencion;6846
11/19/20;Paruro;498
11/19/20;Paucartambo;509
11/19/20;Quispicanchi;2635
11/19/20;Urubamba;1936
11/2/20;Acomayo;396
11/2/20;Anta;1867
11/2/20;Calca;1265
11/2/20;Canas;323
11/2/20;Canchis;3341
11/2/20;Chumbivilcas;841
11/2/20;Cusco;45520
11/2/20;Espinar;2014
11/2/20;La Convencion;6451
11/2/20;Paruro;467
11/2/20;Paucartambo;481
11/2/20;Quispicanchi;2495
11/2/20;Urubamba;1785
11/20/20;Acomayo;420
11/20/20;Anta;1923
11/20/20;Calca;1321
11/20/20;Canas;361
11/20/20;Canchis;3492
11/20/20;Chumbivilcas;901
11/20/20;Cusco;47179
11/20/20;Espinar;2196
11/20/20;La Convencion;6861
11/20/20;Paruro;498
11/20/20;Paucartambo;511
11/20/20;Quispicanchi;2638
11/20/20;Urubamba;1938
11/21/20;Acomayo;421
11/21/20;Anta;1923
11/21/20;Calca;1326
11/21/20;Canas;363
11/21/20;Canchis;3497
11/21/20;Chumbivilcas;902
11/21/20;Cusco;47239
11/21/20;Espinar;2202
11/21/20;La Convencion;6871
11/21/20;Paruro;498
11/21/20;Paucartambo;512
11/21/20;Quispicanchi;2641
11/21/20;Urubamba;1941
11/22/20;Acomayo;421
11/22/20;Anta;1924
11/22/20;Calca;1326
11/22/20;Canas;363
11/22/20;Canchis;3501
11/22/20;Chumbivilcas;906
11/22/20;Cusco;47286
11/22/20;Espinar;2205
11/22/20;La Convencion;6887
11/22/20;Paruro;499
11/22/20;Paucartambo;512
11/22/20;Quispicanchi;2643
11/22/20;Urubamba;1942
11/23/20;Acomayo;421
11/23/20;Anta;1929
11/23/20;Calca;1327
11/23/20;Canas;363
11/23/20;Canchis;3513
11/23/20;Chumbivilcas;907
11/23/20;Cusco;47367
11/23/20;Espinar;2210
11/23/20;La Convencion;6900
11/23/20;Paruro;499
11/23/20;Paucartambo;514
11/23/20;Quispicanchi;2648
11/23/20;Urubamba;1945
11/24/20;Acomayo;422
11/24/20;Anta;1930
11/24/20;Calca;1333
11/24/20;Canas;364
11/24/20;Canchis;3522
11/24/20;Chumbivilcas;909
11/24/20;Cusco;47476
11/24/20;Espinar;2230
11/24/20;La Convencion;6918
11/24/20;Paruro;499
11/24/20;Paucartambo;515
11/24/20;Quispicanchi;2654
11/24/20;Urubamba;1948
11/25/20;Acomayo;422
11/25/20;Anta;1933
11/25/20;Calca;1334
11/25/20;Canas;365
11/25/20;Canchis;3530
11/25/20;Chumbivilcas;910
11/25/20;Cusco;47570
11/25/20;Espinar;2237
11/25/20;La Convencion;6930
11/25/20;Paruro;501
11/25/20;Paucartambo;541
11/25/20;Quispicanchi;2673
11/25/20;Urubamba;1954
11/26/20;Acomayo;422
11/26/20;Anta;1935
11/26/20;Calca;1336
11/26/20;Canas;365
11/26/20;Canchis;3538
11/26/20;Chumbivilcas;914
11/26/20;Cusco;47651
11/26/20;Espinar;2246
11/26/20;La Convencion;6937
11/26/20;Paruro;501
11/26/20;Paucartambo;556
11/26/20;Quispicanchi;2682
11/26/20;Urubamba;1959
11/27/20;Acomayo;422
11/27/20;Anta;1937
11/27/20;Calca;1340
11/27/20;Canas;367
11/27/20;Canchis;3542
11/27/20;Chumbivilcas;915
11/27/20;Cusco;47748
11/27/20;Espinar;2248
11/27/20;La Convencion;6949
11/27/20;Paruro;502
11/27/20;Paucartambo;572
11/27/20;Quispicanchi;2691
11/27/20;Urubamba;2063
11/28/20;Acomayo;423
11/28/20;Anta;1942
11/28/20;Calca;1341
11/28/20;Canas;368
11/28/20;Canchis;3546
11/28/20;Chumbivilcas;918
11/28/20;Cusco;47794
11/28/20;Espinar;2250
11/28/20;La Convencion;6956
11/28/20;Paruro;0
11/28/20;Paucartambo;0
11/28/20;Quispicanchi;2693
11/28/20;Urubamba;2100
11/29/20;Acomayo;0
11/29/20;Anta;0
11/29/20;Calca;0
11/29/20;Canas;0
11/29/20;Canchis;0
11/29/20;Chumbivilcas;0
11/29/20;Cusco;47796
11/29/20;Espinar;0
11/29/20;La Convencion;0
11/29/20;Paruro;0
11/29/20;Paucartambo;0
11/29/20;Quispicanchi;0
11/29/20;Urubamba;2101
11/3/20;Acomayo;397
11/3/20;Anta;1875
11/3/20;Calca;1270
11/3/20;Canas;325
11/3/20;Canchis;3353
11/3/20;Chumbivilcas;847
11/3/20;Cusco;45634
11/3/20;Espinar;2026
11/3/20;La Convencion;6479
11/3/20;Paruro;468
11/3/20;Paucartambo;484
11/3/20;Quispicanchi;2536
11/3/20;Urubamba;1795
11/4/20;Acomayo;398
11/4/20;Anta;1880
11/4/20;Calca;1273
11/4/20;Canas;326
11/4/20;Canchis;3359
11/4/20;Chumbivilcas;851
11/4/20;Cusco;45747
11/4/20;Espinar;2042
11/4/20;La Convencion;6524
11/4/20;Paruro;474
11/4/20;Paucartambo;484
11/4/20;Quispicanchi;2543
11/4/20;Urubamba;1805
11/5/20;Acomayo;401
11/5/20;Anta;1883
11/5/20;Calca;1275
11/5/20;Canas;346
11/5/20;Canchis;3376
11/5/20;Chumbivilcas;853
11/5/20;Cusco;45835
11/5/20;Espinar;2051
11/5/20;La Convencion;6551
11/5/20;Paruro;476
11/5/20;Paucartambo;484
11/5/20;Quispicanchi;2549
11/5/20;Urubamba;1812
11/6/20;Acomayo;401
11/6/20;Anta;1884
11/6/20;Calca;1279
11/6/20;Canas;346
11/6/20;Canchis;3383
11/6/20;Chumbivilcas;857
11/6/20;Cusco;45960
11/6/20;Espinar;2067
11/6/20;La Convencion;6582
11/6/20;Paruro;477
11/6/20;Paucartambo;485
11/6/20;Quispicanchi;2570
11/6/20;Urubamba;1823
11/7/20;Acomayo;402
11/7/20;Anta;1886
11/7/20;Calca;1281
11/7/20;Canas;348
11/7/20;Canchis;3391
11/7/20;Chumbivilcas;857
11/7/20;Cusco;46063
11/7/20;Espinar;2075
11/7/20;La Convencion;6614
11/7/20;Paruro;480
11/7/20;Paucartambo;491
11/7/20;Quispicanchi;2592
11/7/20;Urubamba;1862
11/8/20;Acomayo;402
11/8/20;Anta;1890
11/8/20;Calca;1284
11/8/20;Canas;348
11/8/20;Canchis;3394
11/8/20;Chumbivilcas;857
11/8/20;Cusco;46296
11/8/20;Espinar;2078
11/8/20;La Convencion;6621
11/8/20;Paruro;480
11/8/20;Paucartambo;491
11/8/20;Quispicanchi;2601
11/8/20;Urubamba;1872
11/9/20;Acomayo;402
11/9/20;Anta;1893
11/9/20;Calca;1286
11/9/20;Canas;349
11/9/20;Canchis;3402
11/9/20;Chumbivilcas;860
11/9/20;Cusco;46382
11/9/20;Espinar;2090
11/9/20;La Convencion;6636
11/9/20;Paruro;480
11/9/20;Paucartambo;493
11/9/20;Quispicanchi;2609
11/9/20;Urubamba;1875
3/13/20;Acomayo;0
3/13/20;Anta;0
3/13/20;Calca;0
3/13/20;Canas;0
3/13/20;Canchis;0
3/13/20;Chumbivilcas;0
3/13/20;Cusco;4
3/13/20;Espinar;0
3/13/20;La Convencion;0
3/13/20;Paruro;0
3/13/20;Paucartambo;0
3/13/20;Quispicanchi;0
3/13/20;Urubamba;0
3/14/20;Acomayo;0
3/14/20;Anta;0
3/14/20;Calca;0
3/14/20;Canas;0
3/14/20;Canchis;0
3/14/20;Chumbivilcas;0
3/14/20;Cusco;4
3/14/20;Espinar;0
3/14/20;La Convencion;0
3/14/20;Paruro;0
3/14/20;Paucartambo;0
3/14/20;Quispicanchi;0
3/14/20;Urubamba;0
3/15/20;Acomayo;0
3/15/20;Anta;0
3/15/20;Calca;0
3/15/20;Canas;0
3/15/20;Canchis;0
3/15/20;Chumbivilcas;0
3/15/20;Cusco;4
3/15/20;Espinar;0
3/15/20;La Convencion;0
3/15/20;Paruro;0
3/15/20;Paucartambo;0
3/15/20;Quispicanchi;0
3/15/20;Urubamba;0
3/16/20;Acomayo;0
3/16/20;Anta;0
3/16/20;Calca;0
3/16/20;Canas;0
3/16/20;Canchis;0
3/16/20;Chumbivilcas;0
3/16/20;Cusco;4
3/16/20;Espinar;0
3/16/20;La Convencion;0
3/16/20;Paruro;0
3/16/20;Paucartambo;0
3/16/20;Quispicanchi;0
3/16/20;Urubamba;0
3/17/20;Acomayo;0
3/17/20;Anta;0
3/17/20;Calca;0
3/17/20;Canas;0
3/17/20;Canchis;0
3/17/20;Chumbivilcas;0
3/17/20;Cusco;4
3/17/20;Espinar;0
3/17/20;La Convencion;0
3/17/20;Paruro;0
3/17/20;Paucartambo;0
3/17/20;Quispicanchi;0
3/17/20;Urubamba;0
3/18/20;Acomayo;0
3/18/20;Anta;0
3/18/20;Calca;0
3/18/20;Canas;0
3/18/20;Canchis;0
3/18/20;Chumbivilcas;0
3/18/20;Cusco;7
3/18/20;Espinar;0
3/18/20;La Convencion;0
3/18/20;Paruro;0
3/18/20;Paucartambo;0
3/18/20;Quispicanchi;0
3/18/20;Urubamba;0
3/19/20;Acomayo;0
3/19/20;Anta;0
3/19/20;Calca;0
3/19/20;Canas;0
3/19/20;Canchis;0
3/19/20;Chumbivilcas;0
3/19/20;Cusco;7
3/19/20;Espinar;0
3/19/20;La Convencion;0
3/19/20;Paruro;0
3/19/20;Paucartambo;0
3/19/20;Quispicanchi;0
3/19/20;Urubamba;0
3/20/20;Acomayo;0
3/20/20;Anta;0
3/20/20;Calca;0
3/20/20;Canas;0
3/20/20;Canchis;0
3/20/20;Chumbivilcas;0
3/20/20;Cusco;8
3/20/20;Espinar;0
3/20/20;La Convencion;0
3/20/20;Paruro;0
3/20/20;Paucartambo;0
3/20/20;Quispicanchi;0
3/20/20;Urubamba;0
3/21/20;Acomayo;0
3/21/20;Anta;0
3/21/20;Calca;0
3/21/20;Canas;0
3/21/20;Canchis;0
3/21/20;Chumbivilcas;0
3/21/20;Cusco;8
3/21/20;Espinar;0
3/21/20;La Convencion;0
3/21/20;Paruro;0
3/21/20;Paucartambo;0
3/21/20;Quispicanchi;0
3/21/20;Urubamba;0
3/22/20;Acomayo;0
3/22/20;Anta;0
3/22/20;Calca;0
3/22/20;Canas;0
3/22/20;Canchis;0
3/22/20;Chumbivilcas;0
3/22/20;Cusco;11
3/22/20;Espinar;0
3/22/20;La Convencion;0
3/22/20;Paruro;0
3/22/20;Paucartambo;0
3/22/20;Quispicanchi;0
3/22/20;Urubamba;0
3/23/20;Acomayo;0
3/23/20;Anta;0
3/23/20;Calca;0
3/23/20;Canas;0
3/23/20;Canchis;0
3/23/20;Chumbivilcas;0
3/23/20;Cusco;11
3/23/20;Espinar;0
3/23/20;La Convencion;0
3/23/20;Paruro;0
3/23/20;Paucartambo;0
3/23/20;Quispicanchi;0
3/23/20;Urubamba;0
3/24/20;Acomayo;0
3/24/20;Anta;0
3/24/20;Calca;0
3/24/20;Canas;0
3/24/20;Canchis;0
3/24/20;Chumbivilcas;0
3/24/20;Cusco;15
3/24/20;Espinar;0
3/24/20;La Convencion;0
3/24/20;Paruro;0
3/24/20;Paucartambo;0
3/24/20;Quispicanchi;0
3/24/20;Urubamba;0
3/25/20;Acomayo;0
3/25/20;Anta;0
3/25/20;Calca;0
3/25/20;Canas;0
3/25/20;Canchis;0
3/25/20;Chumbivilcas;0
3/25/20;Cusco;15
3/25/20;Espinar;0
3/25/20;La Convencion;1
3/25/20;Paruro;0
3/25/20;Paucartambo;0
3/25/20;Quispicanchi;0
3/25/20;Urubamba;0
3/26/20;Acomayo;0
3/26/20;Anta;0
3/26/20;Calca;0
3/26/20;Canas;0
3/26/20;Canchis;0
3/26/20;Chumbivilcas;0
3/26/20;Cusco;15
3/26/20;Espinar;0
3/26/20;La Convencion;1
3/26/20;Paruro;0
3/26/20;Paucartambo;0
3/26/20;Quispicanchi;0
3/26/20;Urubamba;0
3/27/20;Acomayo;0
3/27/20;Anta;0
3/27/20;Calca;0
3/27/20;Canas;0
3/27/20;Canchis;0
3/27/20;Chumbivilcas;0
3/27/20;Cusco;17
3/27/20;Espinar;0
3/27/20;La Convencion;1
3/27/20;Paruro;0
3/27/20;Paucartambo;0
3/27/20;Quispicanchi;0
3/27/20;Urubamba;0
3/28/20;Acomayo;0
3/28/20;Anta;0
3/28/20;Calca;0
3/28/20;Canas;0
3/28/20;Canchis;0
3/28/20;Chumbivilcas;0
3/28/20;Cusco;32
3/28/20;Espinar;0
3/28/20;La Convencion;2
3/28/20;Paruro;0
3/28/20;Paucartambo;0
3/28/20;Quispicanchi;0
3/28/20;Urubamba;0
3/29/20;Acomayo;0
3/29/20;Anta;0
3/29/20;Calca;0
3/29/20;Canas;0
3/29/20;Canchis;0
3/29/20;Chumbivilcas;0
3/29/20;Cusco;32
3/29/20;Espinar;0
3/29/20;La Convencion;2
3/29/20;Paruro;0
3/29/20;Paucartambo;0
3/29/20;Quispicanchi;0
3/29/20;Urubamba;0
3/30/20;Acomayo;0
3/30/20;Anta;0
3/30/20;Calca;0
3/30/20;Canas;0
3/30/20;Canchis;0
3/30/20;Chumbivilcas;0
3/30/20;Cusco;38
3/30/20;Espinar;0
3/30/20;La Convencion;2
3/30/20;Paruro;0
3/30/20;Paucartambo;0
3/30/20;Quispicanchi;0
3/30/20;Urubamba;0
3/31/20;Acomayo;0
3/31/20;Anta;0
3/31/20;Calca;0
3/31/20;Canas;0
3/31/20;Canchis;0
3/31/20;Chumbivilcas;0
3/31/20;Cusco;42
3/31/20;Espinar;0
3/31/20;La Convencion;2
3/31/20;Paruro;0
3/31/20;Paucartambo;0
3/31/20;Quispicanchi;0
3/31/20;Urubamba;0
4/1/20;Acomayo;0
4/1/20;Anta;0
4/1/20;Calca;0
4/1/20;Canas;0
4/1/20;Canchis;0
4/1/20;Chumbivilcas;0
4/1/20;Cusco;42
4/1/20;Espinar;0
4/1/20;La Convencion;2
4/1/20;Paruro;0
4/1/20;Paucartambo;0
4/1/20;Quispicanchi;0
4/1/20;Urubamba;0
4/10/20;Acomayo;0
4/10/20;Anta;0
4/10/20;Calca;0
4/10/20;Canas;0
4/10/20;Canchis;0
4/10/20;Chumbivilcas;0
4/10/20;Cusco;79
4/10/20;Espinar;0
4/10/20;La Convencion;2
4/10/20;Paruro;0
4/10/20;Paucartambo;0
4/10/20;Quispicanchi;0
4/10/20;Urubamba;0
4/11/20;Acomayo;0
4/11/20;Anta;0
4/11/20;Calca;0
4/11/20;Canas;1
4/11/20;Canchis;0
4/11/20;Chumbivilcas;0
4/11/20;Cusco;112
4/11/20;Espinar;0
4/11/20;La Convencion;2
4/11/20;Paruro;0
4/11/20;Paucartambo;0
4/11/20;Quispicanchi;0
4/11/20;Urubamba;0
4/12/20;Acomayo;0
4/12/20;Anta;0
4/12/20;Calca;0
4/12/20;Canas;1
4/12/20;Canchis;0
4/12/20;Chumbivilcas;0
4/12/20;Cusco;112
4/12/20;Espinar;0
4/12/20;La Convencion;2
4/12/20;Paruro;0
4/12/20;Paucartambo;0
4/12/20;Quispicanchi;0
4/12/20;Urubamba;0
4/13/20;Acomayo;0
4/13/20;Anta;0
4/13/20;Calca;0
4/13/20;Canas;1
4/13/20;Canchis;0
4/13/20;Chumbivilcas;0
4/13/20;Cusco;113
4/13/20;Espinar;0
4/13/20;La Convencion;2
4/13/20;Paruro;0
4/13/20;Paucartambo;0
4/13/20;Quispicanchi;0
4/13/20;Urubamba;0
4/14/20;Acomayo;0
4/14/20;Anta;0
4/14/20;Calca;0
4/14/20;Canas;1
4/14/20;Canchis;0
4/14/20;Chumbivilcas;0
4/14/20;Cusco;118
4/14/20;Espinar;0
4/14/20;La Convencion;2
4/14/20;Paruro;0
4/14/20;Paucartambo;0
4/14/20;Quispicanchi;0
4/14/20;Urubamba;0
4/15/20;Acomayo;0
4/15/20;Anta;0
4/15/20;Calca;0
4/15/20;Canas;1
4/15/20;Canchis;0
4/15/20;Chumbivilcas;0
4/15/20;Cusco;119
4/15/20;Espinar;0
4/15/20;La Convencion;2
4/15/20;Paruro;0
4/15/20;Paucartambo;0
4/15/20;Quispicanchi;0
4/15/20;Urubamba;0
4/16/20;Acomayo;0
4/16/20;Anta;0
4/16/20;Calca;0
4/16/20;Canas;1
4/16/20;Canchis;0
4/16/20;Chumbivilcas;0
4/16/20;Cusco;127
4/16/20;Espinar;0
4/16/20;La Convencion;2
4/16/20;Paruro;0
4/16/20;Paucartambo;0
4/16/20;Quispicanchi;0
4/16/20;Urubamba;0
4/17/20;Acomayo;0
4/17/20;Anta;0
4/17/20;Calca;0
4/17/20;Canas;1
4/17/20;Canchis;0
4/17/20;Chumbivilcas;0
4/17/20;Cusco;138
4/17/20;Espinar;0
4/17/20;La Convencion;2
4/17/20;Paruro;0
4/17/20;Paucartambo;0
4/17/20;Quispicanchi;0
4/17/20;Urubamba;0
4/18/20;Acomayo;0
4/18/20;Anta;1
4/18/20;Calca;0
4/18/20;Canas;1
4/18/20;Canchis;0
4/18/20;Chumbivilcas;0
4/18/20;Cusco;150
4/18/20;Espinar;0
4/18/20;La Convencion;2
4/18/20;Paruro;0
4/18/20;Paucartambo;1
4/18/20;Quispicanchi;0
4/18/20;Urubamba;0
4/19/20;Acomayo;0
4/19/20;Anta;1
4/19/20;Calca;0
4/19/20;Canas;1
4/19/20;Canchis;0
4/19/20;Chumbivilcas;0
4/19/20;Cusco;150
4/19/20;Espinar;0
4/19/20;La Convencion;2
4/19/20;Paruro;0
4/19/20;Paucartambo;1
4/19/20;Quispicanchi;0
4/19/20;Urubamba;0
4/2/20;Acomayo;0
4/2/20;Anta;0
4/2/20;Calca;0
4/2/20;Canas;0
4/2/20;Canchis;0
4/2/20;Chumbivilcas;0
4/2/20;Cusco;49
4/2/20;Espinar;0
4/2/20;La Convencion;2
4/2/20;Paruro;0
4/2/20;Paucartambo;0
4/2/20;Quispicanchi;0
4/2/20;Urubamba;0
4/20/20;Acomayo;0
4/20/20;Anta;2
4/20/20;Calca;1
4/20/20;Canas;2
4/20/20;Canchis;0
4/20/20;Chumbivilcas;0
4/20/20;Cusco;162
4/20/20;Espinar;0
4/20/20;La Convencion;3
4/20/20;Paruro;0
4/20/20;Paucartambo;1
4/20/20;Quispicanchi;0
4/20/20;Urubamba;1
4/21/20;Acomayo;0
4/21/20;Anta;2
4/21/20;Calca;1
4/21/20;Canas;2
4/21/20;Canchis;0
4/21/20;Chumbivilcas;0
4/21/20;Cusco;167
4/21/20;Espinar;0
4/21/20;La Convencion;4
4/21/20;Paruro;0
4/21/20;Paucartambo;1
4/21/20;Quispicanchi;0
4/21/20;Urubamba;1
4/22/20;Acomayo;2
4/22/20;Anta;2
4/22/20;Calca;1
4/22/20;Canas;2
4/22/20;Canchis;2
4/22/20;Chumbivilcas;1
4/22/20;Cusco;181
4/22/20;Espinar;2
4/22/20;La Convencion;6
4/22/20;Paruro;0
4/22/20;Paucartambo;1
4/22/20;Quispicanchi;0
4/22/20;Urubamba;1
4/23/20;Acomayo;2
4/23/20;Anta;2
4/23/20;Calca;2
4/23/20;Canas;3
4/23/20;Canchis;2
4/23/20;Chumbivilcas;10
4/23/20;Cusco;190
4/23/20;Espinar;4
4/23/20;La Convencion;7
4/23/20;Paruro;0
4/23/20;Paucartambo;1
4/23/20;Quispicanchi;0
4/23/20;Urubamba;1
4/24/20;Acomayo;2
4/24/20;Anta;2
4/24/20;Calca;2
4/24/20;Canas;3
4/24/20;Canchis;2
4/24/20;Chumbivilcas;15
4/24/20;Cusco;192
4/24/20;Espinar;4
4/24/20;La Convencion;7
4/24/20;Paruro;0
4/24/20;Paucartambo;1
4/24/20;Quispicanchi;2
4/24/20;Urubamba;1
4/25/20;Acomayo;2
4/25/20;Anta;2
4/25/20;Calca;2
4/25/20;Canas;3
4/25/20;Canchis;6
4/25/20;Chumbivilcas;16
4/25/20;Cusco;199
4/25/20;Espinar;4
4/25/20;La Convencion;8
4/25/20;Paruro;0
4/25/20;Paucartambo;1
4/25/20;Quispicanchi;2
4/25/20;Urubamba;1
4/26/20;Acomayo;2
4/26/20;Anta;2
4/26/20;Calca;2
4/26/20;Canas;3
4/26/20;Canchis;6
4/26/20;Chumbivilcas;16
4/26/20;Cusco;199
4/26/20;Espinar;4
4/26/20;La Convencion;8
4/26/20;Paruro;0
4/26/20;Paucartambo;1
4/26/20;Quispicanchi;2
4/26/20;Urubamba;1
4/27/20;Acomayo;2
4/27/20;Anta;2
4/27/20;Calca;2
4/27/20;Canas;3
4/27/20;Canchis;6
4/27/20;Chumbivilcas;16
4/27/20;Cusco;212
4/27/20;Espinar;4
4/27/20;La Convencion;8
4/27/20;Paruro;0
4/27/20;Paucartambo;1
4/27/20;Quispicanchi;2
4/27/20;Urubamba;2
4/28/20;Acomayo;2
4/28/20;Anta;2
4/28/20;Calca;2
4/28/20;Canas;4
4/28/20;Canchis;15
4/28/20;Chumbivilcas;16
4/28/20;Cusco;220
4/28/20;Espinar;4
4/28/20;La Convencion;10
4/28/20;Paruro;0
4/28/20;Paucartambo;1
4/28/20;Quispicanchi;3
4/28/20;Urubamba;2
4/29/20;Acomayo;2
4/29/20;Anta;2
4/29/20;Calca;2
4/29/20;Canas;5
4/29/20;Canchis;16
4/29/20;Chumbivilcas;16
4/29/20;Cusco;240
4/29/20;Espinar;4
4/29/20;La Convencion;11
4/29/20;Paruro;0
4/29/20;Paucartambo;1
4/29/20;Quispicanchi;3
4/29/20;Urubamba;2
4/3/20;Acomayo;0
4/3/20;Anta;0
4/3/20;Calca;0
4/3/20;Canas;0
4/3/20;Canchis;0
4/3/20;Chumbivilcas;0
4/3/20;Cusco;53
4/3/20;Espinar;0
4/3/20;La Convencion;2
4/3/20;Paruro;0
4/3/20;Paucartambo;0
4/3/20;Quispicanchi;0
4/3/20;Urubamba;0
4/30/20;Acomayo;2
4/30/20;Anta;5
4/30/20;Calca;2
4/30/20;Canas;5
4/30/20;Canchis;16
4/30/20;Chumbivilcas;16
4/30/20;Cusco;268
4/30/20;Espinar;4
4/30/20;La Convencion;11
4/30/20;Paruro;0
4/30/20;Paucartambo;1
4/30/20;Quispicanchi;3
4/30/20;Urubamba;10
4/4/20;Acomayo;0
4/4/20;Anta;0
4/4/20;Calca;0
4/4/20;Canas;0
4/4/20;Canchis;0
4/4/20;Chumbivilcas;0
4/4/20;Cusco;65
4/4/20;Espinar;0
4/4/20;La Convencion;2
4/4/20;Paruro;0
4/4/20;Paucartambo;0
4/4/20;Quispicanchi;0
4/4/20;Urubamba;0
4/5/20;Acomayo;0
4/5/20;Anta;0
4/5/20;Calca;0
4/5/20;Canas;0
4/5/20;Canchis;0
4/5/20;Chumbivilcas;0
4/5/20;Cusco;67
4/5/20;Espinar;0
4/5/20;La Convencion;2
4/5/20;Paruro;0
4/5/20;Paucartambo;0
4/5/20;Quispicanchi;0
4/5/20;Urubamba;0
4/6/20;Acomayo;0
4/6/20;Anta;0
4/6/20;Calca;0
4/6/20;Canas;0
4/6/20;Canchis;0
4/6/20;Chumbivilcas;0
4/6/20;Cusco;68
4/6/20;Espinar;0
4/6/20;La Convencion;2
4/6/20;Paruro;0
4/6/20;Paucartambo;0
4/6/20;Quispicanchi;0
4/6/20;Urubamba;0
4/7/20;Acomayo;0
4/7/20;Anta;0
4/7/20;Calca;0
4/7/20;Canas;0
4/7/20;Canchis;0
4/7/20;Chumbivilcas;0
4/7/20;Cusco;69
4/7/20;Espinar;0
4/7/20;La Convencion;2
4/7/20;Paruro;0
4/7/20;Paucartambo;0
4/7/20;Quispicanchi;0
4/7/20;Urubamba;0
4/8/20;Acomayo;0
4/8/20;Anta;0
4/8/20;Calca;0
4/8/20;Canas;0
4/8/20;Canchis;0
4/8/20;Chumbivilcas;0
4/8/20;Cusco;74
4/8/20;Espinar;0
4/8/20;La Convencion;2
4/8/20;Paruro;0
4/8/20;Paucartambo;0
4/8/20;Quispicanchi;0
4/8/20;Urubamba;0
4/9/20;Acomayo;0
4/9/20;Anta;0
4/9/20;Calca;0
4/9/20;Canas;0
4/9/20;Canchis;0
4/9/20;Chumbivilcas;0
4/9/20;Cusco;76
4/9/20;Espinar;0
4/9/20;La Convencion;2
4/9/20;Paruro;0
4/9/20;Paucartambo;0
4/9/20;Quispicanchi;0
4/9/20;Urubamba;0
5/1/20;Acomayo;2
5/1/20;Anta;5
5/1/20;Calca;2
5/1/20;Canas;5
5/1/20;Canchis;16
5/1/20;Chumbivilcas;16
5/1/20;Cusco;273
5/1/20;Espinar;4
5/1/20;La Convencion;11
5/1/20;Paruro;0
5/1/20;Paucartambo;1
5/1/20;Quispicanchi;3
5/1/20;Urubamba;10
5/10/20;Acomayo;3
5/10/20;Anta;8
5/10/20;Calca;4
5/10/20;Canas;5
5/10/20;Canchis;18
5/10/20;Chumbivilcas;18
5/10/20;Cusco;462
5/10/20;Espinar;15
5/10/20;La Convencion;21
5/10/20;Paruro;1
5/10/20;Paucartambo;1
5/10/20;Quispicanchi;5
5/10/20;Urubamba;11
5/11/20;Acomayo;3
5/11/20;Anta;9
5/11/20;Calca;4
5/11/20;Canas;5
5/11/20;Canchis;18
5/11/20;Chumbivilcas;18
5/11/20;Cusco;520
5/11/20;Espinar;16
5/11/20;La Convencion;22
5/11/20;Paruro;1
5/11/20;Paucartambo;1
5/11/20;Quispicanchi;6
5/11/20;Urubamba;12
5/12/20;Acomayo;5
5/12/20;Anta;9
5/12/20;Calca;4
5/12/20;Canas;6
5/12/20;Canchis;19
5/12/20;Chumbivilcas;18
5/12/20;Cusco;553
5/12/20;Espinar;22
5/12/20;La Convencion;22
5/12/20;Paruro;1
5/12/20;Paucartambo;2
5/12/20;Quispicanchi;6
5/12/20;Urubamba;12
5/13/20;Acomayo;12
5/13/20;Anta;9
5/13/20;Calca;8
5/13/20;Canas;6
5/13/20;Canchis;21
5/13/20;Chumbivilcas;18
5/13/20;Cusco;601
5/13/20;Espinar;26
5/13/20;La Convencion;24
5/13/20;Paruro;1
5/13/20;Paucartambo;3
5/13/20;Quispicanchi;7
5/13/20;Urubamba;17
5/14/20;Acomayo;12
5/14/20;Anta;11
5/14/20;Calca;8
5/14/20;Canas;6
5/14/20;Canchis;21
5/14/20;Chumbivilcas;18
5/14/20;Cusco;635
5/14/20;Espinar;26
5/14/20;La Convencion;27
5/14/20;Paruro;1
5/14/20;Paucartambo;3
5/14/20;Quispicanchi;7
5/14/20;Urubamba;17
5/15/20;Acomayo;12
5/15/20;Anta;11
5/15/20;Calca;8
5/15/20;Canas;6
5/15/20;Canchis;22
5/15/20;Chumbivilcas;18
5/15/20;Cusco;639
5/15/20;Espinar;29
5/15/20;La Convencion;28
5/15/20;Paruro;1
5/15/20;Paucartambo;3
5/15/20;Quispicanchi;8
5/15/20;Urubamba;17
5/16/20;Acomayo;12
5/16/20;Anta;11
5/16/20;Calca;8
5/16/20;Canas;6
5/16/20;Canchis;22
5/16/20;Chumbivilcas;18
5/16/20;Cusco;653
5/16/20;Espinar;29
5/16/20;La Convencion;30
5/16/20;Paruro;1
5/16/20;Paucartambo;3
5/16/20;Quispicanchi;8
5/16/20;Urubamba;17
5/17/20;Acomayo;12
5/17/20;Anta;11
5/17/20;Calca;8
5/17/20;Canas;6
5/17/20;Canchis;23
5/17/20;Chumbivilcas;18
5/17/20;Cusco;653
5/17/20;Espinar;29
5/17/20;La Convencion;30
5/17/20;Paruro;1
5/17/20;Paucartambo;3
5/17/20;Quispicanchi;8
5/17/20;Urubamba;17
5/18/20;Acomayo;12
5/18/20;Anta;11
5/18/20;Calca;8
5/18/20;Canas;8
5/18/20;Canchis;23
5/18/20;Chumbivilcas;18
5/18/20;Cusco;662
5/18/20;Espinar;36
5/18/20;La Convencion;30
5/18/20;Paruro;1
5/18/20;Paucartambo;3
5/18/20;Quispicanchi;9
5/18/20;Urubamba;17
5/19/20;Acomayo;12
5/19/20;Anta;12
5/19/20;Calca;8
5/19/20;Canas;8
5/19/20;Canchis;24
5/19/20;Chumbivilcas;18
5/19/20;Cusco;706
5/19/20;Espinar;40
5/19/20;La Convencion;32
5/19/20;Paruro;1
5/19/20;Paucartambo;4
5/19/20;Quispicanchi;9
5/19/20;Urubamba;17
5/2/20;Acomayo;2
5/2/20;Anta;5
5/2/20;Calca;3
5/2/20;Canas;5
5/2/20;Canchis;18
5/2/20;Chumbivilcas;16
5/2/20;Cusco;279
5/2/20;Espinar;8
5/2/20;La Convencion;12
5/2/20;Paruro;0
5/2/20;Paucartambo;1
5/2/20;Quispicanchi;4
5/2/20;Urubamba;11
5/20/20;Acomayo;12
5/20/20;Anta;13
5/20/20;Calca;10
5/20/20;Canas;9
5/20/20;Canchis;26
5/20/20;Chumbivilcas;19
5/20/20;Cusco;728
5/20/20;Espinar;45
5/20/20;La Convencion;34
5/20/20;Paruro;1
5/20/20;Paucartambo;4
5/20/20;Quispicanchi;10
5/20/20;Urubamba;17
5/21/20;Acomayo;12
5/21/20;Anta;26
5/21/20;Calca;10
5/21/20;Canas;9
5/21/20;Canchis;26
5/21/20;Chumbivilcas;21
5/21/20;Cusco;755
5/21/20;Espinar;47
5/21/20;La Convencion;38
5/21/20;Paruro;1
5/21/20;Paucartambo;4
5/21/20;Quispicanchi;11
5/21/20;Urubamba;17
5/22/20;Acomayo;13
5/22/20;Anta;28
5/22/20;Calca;10
5/22/20;Canas;11
5/22/20;Canchis;27
5/22/20;Chumbivilcas;21
5/22/20;Cusco;791
5/22/20;Espinar;49
5/22/20;La Convencion;41
5/22/20;Paruro;1
5/22/20;Paucartambo;4
5/22/20;Quispicanchi;11
5/22/20;Urubamba;17
5/23/20;Acomayo;13
5/23/20;Anta;29
5/23/20;Calca;10
5/23/20;Canas;11
5/23/20;Canchis;27
5/23/20;Chumbivilcas;21
5/23/20;Cusco;817
5/23/20;Espinar;51
5/23/20;La Convencion;45
5/23/20;Paruro;2
5/23/20;Paucartambo;4
5/23/20;Quispicanchi;11
5/23/20;Urubamba;17
5/24/20;Acomayo;13
5/24/20;Anta;29
5/24/20;Calca;10
5/24/20;Canas;11
5/24/20;Canchis;27
5/24/20;Chumbivilcas;21
5/24/20;Cusco;819
5/24/20;Espinar;51
5/24/20;La Convencion;48
5/24/20;Paruro;2
5/24/20;Paucartambo;4
5/24/20;Quispicanchi;11
5/24/20;Urubamba;17
5/25/20;Acomayo;13
5/25/20;Anta;29
5/25/20;Calca;11
5/25/20;Canas;13
5/25/20;Canchis;29
5/25/20;Chumbivilcas;21
5/25/20;Cusco;852
5/25/20;Espinar;52
5/25/20;La Convencion;54
5/25/20;Paruro;2
5/25/20;Paucartambo;4
5/25/20;Quispicanchi;11
5/25/20;Urubamba;17
5/26/20;Acomayo;13
5/26/20;Anta;31
5/26/20;Calca;12
5/26/20;Canas;13
5/26/20;Canchis;29
5/26/20;Chumbivilcas;21
5/26/20;Cusco;874
5/26/20;Espinar;52
5/26/20;La Convencion;58
5/26/20;Paruro;3
5/26/20;Paucartambo;4
5/26/20;Quispicanchi;13
5/26/20;Urubamba;17
5/27/20;Acomayo;13
5/27/20;Anta;31
5/27/20;Calca;13
5/27/20;Canas;13
5/27/20;Canchis;30
5/27/20;Chumbivilcas;24
5/27/20;Cusco;905
5/27/20;Espinar;54
5/27/20;La Convencion;62
5/27/20;Paruro;3
5/27/20;Paucartambo;4
5/27/20;Quispicanchi;15
5/27/20;Urubamba;18
5/28/20;Acomayo;13
5/28/20;Anta;31
5/28/20;Calca;13
5/28/20;Canas;13
5/28/20;Canchis;31
5/28/20;Chumbivilcas;24
5/28/20;Cusco;949
5/28/20;Espinar;54
5/28/20;La Convencion;66
5/28/20;Paruro;3
5/28/20;Paucartambo;4
5/28/20;Quispicanchi;16
5/28/20;Urubamba;18
5/29/20;Acomayo;14
5/29/20;Anta;32
5/29/20;Calca;20
5/29/20;Canas;14
5/29/20;Canchis;31
5/29/20;Chumbivilcas;25
5/29/20;Cusco;985
5/29/20;Espinar;55
5/29/20;La Convencion;76
5/29/20;Paruro;6
5/29/20;Paucartambo;4
5/29/20;Quispicanchi;18
5/29/20;Urubamba;19
5/3/20;Acomayo;2
5/3/20;Anta;5
5/3/20;Calca;3
5/3/20;Canas;5
5/3/20;Canchis;18
5/3/20;Chumbivilcas;16
5/3/20;Cusco;280
5/3/20;Espinar;8
5/3/20;La Convencion;14
5/3/20;Paruro;0
5/3/20;Paucartambo;1
5/3/20;Quispicanchi;4
5/3/20;Urubamba;11
5/30/20;Acomayo;14
5/30/20;Anta;32
5/30/20;Calca;20
5/30/20;Canas;14
5/30/20;Canchis;32
5/30/20;Chumbivilcas;25
5/30/20;Cusco;1003
5/30/20;Espinar;55
5/30/20;La Convencion;83
5/30/20;Paruro;6
5/30/20;Paucartambo;4
5/30/20;Quispicanchi;21
5/30/20;Urubamba;19
5/31/20;Acomayo;14
5/31/20;Anta;32
5/31/20;Calca;21
5/31/20;Canas;14
5/31/20;Canchis;32
5/31/20;Chumbivilcas;25
5/31/20;Cusco;1004
5/31/20;Espinar;55
5/31/20;La Convencion;85
5/31/20;Paruro;6
5/31/20;Paucartambo;4
5/31/20;Quispicanchi;21
5/31/20;Urubamba;19
5/4/20;Acomayo;2
5/4/20;Anta;7
5/4/20;Calca;3
5/4/20;Canas;5
5/4/20;Canchis;18
5/4/20;Chumbivilcas;16
5/4/20;Cusco;289
5/4/20;Espinar;8
5/4/20;La Convencion;14
5/4/20;Paruro;0
5/4/20;Paucartambo;1
5/4/20;Quispicanchi;4
5/4/20;Urubamba;11
5/5/20;Acomayo;2
5/5/20;Anta;7
5/5/20;Calca;3
5/5/20;Canas;5
5/5/20;Canchis;18
5/5/20;Chumbivilcas;16
5/5/20;Cusco;317
5/5/20;Espinar;8
5/5/20;La Convencion;14
5/5/20;Paruro;0
5/5/20;Paucartambo;1
5/5/20;Quispicanchi;5
5/5/20;Urubamba;11
5/6/20;Acomayo;3
5/6/20;Anta;7
5/6/20;Calca;4
5/6/20;Canas;5
5/6/20;Canchis;18
5/6/20;Chumbivilcas;16
5/6/20;Cusco;368
5/6/20;Espinar;9
5/6/20;La Convencion;14
5/6/20;Paruro;1
5/6/20;Paucartambo;1
5/6/20;Quispicanchi;5
5/6/20;Urubamba;11
5/7/20;Acomayo;3
5/7/20;Anta;8
5/7/20;Calca;4
5/7/20;Canas;5
5/7/20;Canchis;18
5/7/20;Chumbivilcas;17
5/7/20;Cusco;413
5/7/20;Espinar;9
5/7/20;La Convencion;14
5/7/20;Paruro;1
5/7/20;Paucartambo;1
5/7/20;Quispicanchi;5
5/7/20;Urubamba;11
5/8/20;Acomayo;3
5/8/20;Anta;8
5/8/20;Calca;4
5/8/20;Canas;5
5/8/20;Canchis;18
5/8/20;Chumbivilcas;17
5/8/20;Cusco;453
5/8/20;Espinar;10
5/8/20;La Convencion;20
5/8/20;Paruro;1
5/8/20;Paucartambo;1
5/8/20;Quispicanchi;5
5/8/20;Urubamba;11
5/9/20;Acomayo;3
5/9/20;Anta;8
5/9/20;Calca;4
5/9/20;Canas;5
5/9/20;Canchis;18
5/9/20;Chumbivilcas;18
5/9/20;Cusco;460
5/9/20;Espinar;15
5/9/20;La Convencion;21
5/9/20;Paruro;1
5/9/20;Paucartambo;1
5/9/20;Quispicanchi;5
5/9/20;Urubamba;11
6/1/20;Acomayo;14
6/1/20;Anta;32
6/1/20;Calca;22
6/1/20;Canas;14
6/1/20;Canchis;33
6/1/20;Chumbivilcas;25
6/1/20;Cusco;1026
6/1/20;Espinar;60
6/1/20;La Convencion;94
6/1/20;Paruro;6
6/1/20;Paucartambo;4
6/1/20;Quispicanchi;26
6/1/20;Urubamba;20
6/10/20;Acomayo;19
6/10/20;Anta;57
6/10/20;Calca;39
6/10/20;Canas;17
6/10/20;Canchis;42
6/10/20;Chumbivilcas;34
6/10/20;Cusco;1285
6/10/20;Espinar;72
6/10/20;La Convencion;187
6/10/20;Paruro;11
6/10/20;Paucartambo;7
6/10/20;Quispicanchi;70
6/10/20;Urubamba;29
6/11/20;Acomayo;19
6/11/20;Anta;57
6/11/20;Calca;39
6/11/20;Canas;17
6/11/20;Canchis;44
6/11/20;Chumbivilcas;34
6/11/20;Cusco;1308
6/11/20;Espinar;76
6/11/20;La Convencion;196
6/11/20;Paruro;11
6/11/20;Paucartambo;8
6/11/20;Quispicanchi;73
6/11/20;Urubamba;29
6/12/20;Acomayo;25
6/12/20;Anta;58
6/12/20;Calca;39
6/12/20;Canas;17
6/12/20;Canchis;47
6/12/20;Chumbivilcas;35
6/12/20;Cusco;1330
6/12/20;Espinar;78
6/12/20;La Convencion;231
6/12/20;Paruro;12
6/12/20;Paucartambo;8
6/12/20;Quispicanchi;74
6/12/20;Urubamba;29
6/13/20;Acomayo;25
6/13/20;Anta;60
6/13/20;Calca;39
6/13/20;Canas;17
6/13/20;Canchis;49
6/13/20;Chumbivilcas;35
6/13/20;Cusco;1344
6/13/20;Espinar;78
6/13/20;La Convencion;246
6/13/20;Paruro;13
6/13/20;Paucartambo;8
6/13/20;Quispicanchi;74
6/13/20;Urubamba;29
6/14/20;Acomayo;25
6/14/20;Anta;60
6/14/20;Calca;39
6/14/20;Canas;17
6/14/20;Canchis;49
6/14/20;Chumbivilcas;36
6/14/20;Cusco;1349
6/14/20;Espinar;78
6/14/20;La Convencion;255
6/14/20;Paruro;13
6/14/20;Paucartambo;8
6/14/20;Quispicanchi;74
6/14/20;Urubamba;30
6/15/20;Acomayo;25
6/15/20;Anta;61
6/15/20;Calca;39
6/15/20;Canas;17
6/15/20;Canchis;51
6/15/20;Chumbivilcas;36
6/15/20;Cusco;1390
6/15/20;Espinar;85
6/15/20;La Convencion;263
6/15/20;Paruro;13
6/15/20;Paucartambo;8
6/15/20;Quispicanchi;77
6/15/20;Urubamba;34
6/16/20;Acomayo;25
6/16/20;Anta;79
6/16/20;Calca;42
6/16/20;Canas;18
6/16/20;Canchis;51
6/16/20;Chumbivilcas;37
6/16/20;Cusco;1414
6/16/20;Espinar;90
6/16/20;La Convencion;271
6/16/20;Paruro;14
6/16/20;Paucartambo;8
6/16/20;Quispicanchi;77
6/16/20;Urubamba;36
6/17/20;Acomayo;25
6/17/20;Anta;80
6/17/20;Calca;42
6/17/20;Canas;19
6/17/20;Canchis;54
6/17/20;Chumbivilcas;37
6/17/20;Cusco;1433
6/17/20;Espinar;93
6/17/20;La Convencion;297
6/17/20;Paruro;14
6/17/20;Paucartambo;8
6/17/20;Quispicanchi;79
6/17/20;Urubamba;39
6/18/20;Acomayo;25
6/18/20;Anta;83
6/18/20;Calca;46
6/18/20;Canas;19
6/18/20;Canchis;54
6/18/20;Chumbivilcas;37
6/18/20;Cusco;1451
6/18/20;Espinar;95
6/18/20;La Convencion;306
6/18/20;Paruro;15
6/18/20;Paucartambo;8
6/18/20;Quispicanchi;82
6/18/20;Urubamba;43
6/19/20;Acomayo;25
6/19/20;Anta;86
6/19/20;Calca;47
6/19/20;Canas;21
6/19/20;Canchis;55
6/19/20;Chumbivilcas;38
6/19/20;Cusco;1485
6/19/20;Espinar;98
6/19/20;La Convencion;316
6/19/20;Paruro;15
6/19/20;Paucartambo;9
6/19/20;Quispicanchi;83
6/19/20;Urubamba;45
6/2/20;Acomayo;16
6/2/20;Anta;34
6/2/20;Calca;22
6/2/20;Canas;14
6/2/20;Canchis;34
6/2/20;Chumbivilcas;27
6/2/20;Cusco;1045
6/2/20;Espinar;60
6/2/20;La Convencion;106
6/2/20;Paruro;9
6/2/20;Paucartambo;4
6/2/20;Quispicanchi;27
6/2/20;Urubamba;21
6/20/20;Acomayo;25
6/20/20;Anta;86
6/20/20;Calca;50
6/20/20;Canas;21
6/20/20;Canchis;56
6/20/20;Chumbivilcas;38
6/20/20;Cusco;1504
6/20/20;Espinar;98
6/20/20;La Convencion;355
6/20/20;Paruro;15
6/20/20;Paucartambo;9
6/20/20;Quispicanchi;83
6/20/20;Urubamba;47
6/21/20;Acomayo;25
6/21/20;Anta;86
6/21/20;Calca;50
6/21/20;Canas;21
6/21/20;Canchis;56
6/21/20;Chumbivilcas;38
6/21/20;Cusco;1506
6/21/20;Espinar;98
6/21/20;La Convencion;358
6/21/20;Paruro;15
6/21/20;Paucartambo;9
6/21/20;Quispicanchi;83
6/21/20;Urubamba;48
6/22/20;Acomayo;25
6/22/20;Anta;87
6/22/20;Calca;50
6/22/20;Canas;22
6/22/20;Canchis;58
6/22/20;Chumbivilcas;38
6/22/20;Cusco;1553
6/22/20;Espinar;100
6/22/20;La Convencion;368
6/22/20;Paruro;15
6/22/20;Paucartambo;9
6/22/20;Quispicanchi;85
6/22/20;Urubamba;50
6/23/20;Acomayo;25
6/23/20;Anta;88
6/23/20;Calca;52
6/23/20;Canas;22
6/23/20;Canchis;62
6/23/20;Chumbivilcas;38
6/23/20;Cusco;1620
6/23/20;Espinar;102
6/23/20;La Convencion;398
6/23/20;Paruro;15
6/23/20;Paucartambo;10
6/23/20;Quispicanchi;88
6/23/20;Urubamba;53
6/24/20;Acomayo;25
6/24/20;Anta;90
6/24/20;Calca;52
6/24/20;Canas;22
6/24/20;Canchis;64
6/24/20;Chumbivilcas;38
6/24/20;Cusco;1651
6/24/20;Espinar;106
6/24/20;La Convencion;418
6/24/20;Paruro;15
6/24/20;Paucartambo;11
6/24/20;Quispicanchi;89
6/24/20;Urubamba;57
6/25/20;Acomayo;27
6/25/20;Anta;91
6/25/20;Calca;54
6/25/20;Canas;24
6/25/20;Canchis;64
6/25/20;Chumbivilcas;39
6/25/20;Cusco;1681
6/25/20;Espinar;110
6/25/20;La Convencion;452
6/25/20;Paruro;15
6/25/20;Paucartambo;11
6/25/20;Quispicanchi;91
6/25/20;Urubamba;61
6/26/20;Acomayo;27
6/26/20;Anta;93
6/26/20;Calca;56
6/26/20;Canas;24
6/26/20;Canchis;66
6/26/20;Chumbivilcas;46
6/26/20;Cusco;1734
6/26/20;Espinar;113
6/26/20;La Convencion;479
6/26/20;Paruro;15
6/26/20;Paucartambo;12
6/26/20;Quispicanchi;91
6/26/20;Urubamba;64
6/27/20;Acomayo;28
6/27/20;Anta;106
6/27/20;Calca;59
6/27/20;Canas;25
6/27/20;Canchis;69
6/27/20;Chumbivilcas;46
6/27/20;Cusco;1771
6/27/20;Espinar;114
6/27/20;La Convencion;499
6/27/20;Paruro;15
6/27/20;Paucartambo;12
6/27/20;Quispicanchi;93
6/27/20;Urubamba;66
6/28/20;Acomayo;28
6/28/20;Anta;107
6/28/20;Calca;59
6/28/20;Canas;25
6/28/20;Canchis;69
6/28/20;Chumbivilcas;46
6/28/20;Cusco;1789
6/28/20;Espinar;114
6/28/20;La Convencion;500
6/28/20;Paruro;16
6/28/20;Paucartambo;12
6/28/20;Quispicanchi;94
6/28/20;Urubamba;67
6/29/20;Acomayo;28
6/29/20;Anta;107
6/29/20;Calca;59
6/29/20;Canas;25
6/29/20;Canchis;70
6/29/20;Chumbivilcas;47
6/29/20;Cusco;1825
6/29/20;Espinar;115
6/29/20;La Convencion;554
6/29/20;Paruro;16
6/29/20;Paucartambo;12
6/29/20;Quispicanchi;94
6/29/20;Urubamba;69
6/3/20;Acomayo;16
6/3/20;Anta;35
6/3/20;Calca;25
6/3/20;Canas;14
6/3/20;Canchis;35
6/3/20;Chumbivilcas;27
6/3/20;Cusco;1074
6/3/20;Espinar;62
6/3/20;La Convencion;113
6/3/20;Paruro;9
6/3/20;Paucartambo;4
6/3/20;Quispicanchi;28
6/3/20;Urubamba;22
6/30/20;Acomayo;32
6/30/20;Anta;110
6/30/20;Calca;61
6/30/20;Canas;25
6/30/20;Canchis;74
6/30/20;Chumbivilcas;48
6/30/20;Cusco;1871
6/30/20;Espinar;119
6/30/20;La Convencion;571
6/30/20;Paruro;19
6/30/20;Paucartambo;12
6/30/20;Quispicanchi;99
6/30/20;Urubamba;73
6/4/20;Acomayo;16
6/4/20;Anta;51
6/4/20;Calca;28
6/4/20;Canas;14
6/4/20;Canchis;35
6/4/20;Chumbivilcas;28
6/4/20;Cusco;1108
6/4/20;Espinar;65
6/4/20;La Convencion;117
6/4/20;Paruro;9
6/4/20;Paucartambo;4
6/4/20;Quispicanchi;30
6/4/20;Urubamba;24
6/5/20;Acomayo;18
6/5/20;Anta;52
6/5/20;Calca;30
6/5/20;Canas;14
6/5/20;Canchis;35
6/5/20;Chumbivilcas;30
6/5/20;Cusco;1137
6/5/20;Espinar;67
6/5/20;La Convencion;120
6/5/20;Paruro;9
6/5/20;Paucartambo;4
6/5/20;Quispicanchi;30
6/5/20;Urubamba;26
6/6/20;Acomayo;18
6/6/20;Anta;54
6/6/20;Calca;34
6/6/20;Canas;16
6/6/20;Canchis;37
6/6/20;Chumbivilcas;30
6/6/20;Cusco;1166
6/6/20;Espinar;68
6/6/20;La Convencion;146
6/6/20;Paruro;10
6/6/20;Paucartambo;4
6/6/20;Quispicanchi;38
6/6/20;Urubamba;28
6/7/20;Acomayo;19
6/7/20;Anta;54
6/7/20;Calca;34
6/7/20;Canas;17
6/7/20;Canchis;38
6/7/20;Chumbivilcas;30
6/7/20;Cusco;1177
6/7/20;Espinar;69
6/7/20;La Convencion;157
6/7/20;Paruro;10
6/7/20;Paucartambo;4
6/7/20;Quispicanchi;39
6/7/20;Urubamba;28
6/8/20;Acomayo;19
6/8/20;Anta;54
6/8/20;Calca;35
6/8/20;Canas;17
6/8/20;Canchis;39
6/8/20;Chumbivilcas;31
6/8/20;Cusco;1210
6/8/20;Espinar;70
6/8/20;La Convencion;164
6/8/20;Paruro;11
6/8/20;Paucartambo;4
6/8/20;Quispicanchi;40
6/8/20;Urubamba;28
6/9/20;Acomayo;19
6/9/20;Anta;56
6/9/20;Calca;38
6/9/20;Canas;17
6/9/20;Canchis;42
6/9/20;Chumbivilcas;32
6/9/20;Cusco;1261
6/9/20;Espinar;70
6/9/20;La Convencion;170
6/9/20;Paruro;11
6/9/20;Paucartambo;6
6/9/20;Quispicanchi;70
6/9/20;Urubamba;29
7/1/20;Acomayo;32
7/1/20;Anta;115
7/1/20;Calca;61
7/1/20;Canas;26
7/1/20;Canchis;78
7/1/20;Chumbivilcas;48
7/1/20;Cusco;1944
7/1/20;Espinar;125
7/1/20;La Convencion;590
7/1/20;Paruro;19
7/1/20;Paucartambo;12
7/1/20;Quispicanchi;103
7/1/20;Urubamba;80
7/10/20;Acomayo;37
7/10/20;Anta;139
7/10/20;Calca;81
7/10/20;Canas;29
7/10/20;Canchis;110
7/10/20;Chumbivilcas;54
7/10/20;Cusco;2573
7/10/20;Espinar;157
7/10/20;La Convencion;932
7/10/20;Paruro;21
7/10/20;Paucartambo;16
7/10/20;Quispicanchi;140
7/10/20;Urubamba;103
7/11/20;Acomayo;37
7/11/20;Anta;144
7/11/20;Calca;81
7/11/20;Canas;29
7/11/20;Canchis;117
7/11/20;Chumbivilcas;55
7/11/20;Cusco;2688
7/11/20;Espinar;159
7/11/20;La Convencion;963
7/11/20;Paruro;21
7/11/20;Paucartambo;18
7/11/20;Quispicanchi;150
7/11/20;Urubamba;108
7/12/20;Acomayo;38
7/12/20;Anta;144
7/12/20;Calca;81
7/12/20;Canas;29
7/12/20;Canchis;117
7/12/20;Chumbivilcas;55
7/12/20;Cusco;2706
7/12/20;Espinar;163
7/12/20;La Convencion;975
7/12/20;Paruro;22
7/12/20;Paucartambo;18
7/12/20;Quispicanchi;151
7/12/20;Urubamba;108
7/13/20;Acomayo;38
7/13/20;Anta;145
7/13/20;Calca;84
7/13/20;Canas;29
7/13/20;Canchis;122
7/13/20;Chumbivilcas;57
7/13/20;Cusco;2853
7/13/20;Espinar;165
7/13/20;La Convencion;1056
7/13/20;Paruro;22
7/13/20;Paucartambo;19
7/13/20;Quispicanchi;153
7/13/20;Urubamba;110
7/14/20;Acomayo;38
7/14/20;Anta;150
7/14/20;Calca;87
7/14/20;Canas;29
7/14/20;Canchis;128
7/14/20;Chumbivilcas;62
7/14/20;Cusco;3015
7/14/20;Espinar;173
7/14/20;La Convencion;1148
7/14/20;Paruro;23
7/14/20;Paucartambo;23
7/14/20;Quispicanchi;163
7/14/20;Urubamba;115
7/15/20;Acomayo;38
7/15/20;Anta;151
7/15/20;Calca;89
7/15/20;Canas;29
7/15/20;Canchis;136
7/15/20;Chumbivilcas;63
7/15/20;Cusco;3207
7/15/20;Espinar;175
7/15/20;La Convencion;1201
7/15/20;Paruro;25
7/15/20;Paucartambo;24
7/15/20;Quispicanchi;170
7/15/20;Urubamba;117
7/16/20;Acomayo;42
7/16/20;Anta;156
7/16/20;Calca;92
7/16/20;Canas;30
7/16/20;Canchis;140
7/16/20;Chumbivilcas;66
7/16/20;Cusco;3397
7/16/20;Espinar;179
7/16/20;La Convencion;1285
7/16/20;Paruro;27
7/16/20;Paucartambo;24
7/16/20;Quispicanchi;188
7/16/20;Urubamba;119
7/17/20;Acomayo;43
7/17/20;Anta;160
7/17/20;Calca;96
7/17/20;Canas;30
7/17/20;Canchis;144
7/17/20;Chumbivilcas;66
7/17/20;Cusco;3634
7/17/20;Espinar;180
7/17/20;La Convencion;1353
7/17/20;Paruro;28
7/17/20;Paucartambo;30
7/17/20;Quispicanchi;197
7/17/20;Urubamba;124
7/18/20;Acomayo;44
7/18/20;Anta;167
7/18/20;Calca;99
7/18/20;Canas;32
7/18/20;Canchis;155
7/18/20;Chumbivilcas;66
7/18/20;Cusco;3822
7/18/20;Espinar;185
7/18/20;La Convencion;1389
7/18/20;Paruro;28
7/18/20;Paucartambo;30
7/18/20;Quispicanchi;205
7/18/20;Urubamba;127
7/19/20;Acomayo;44
7/19/20;Anta;168
7/19/20;Calca;99
7/19/20;Canas;32
7/19/20;Canchis;156
7/19/20;Chumbivilcas;66
7/19/20;Cusco;3862
7/19/20;Espinar;186
7/19/20;La Convencion;1398
7/19/20;Paruro;28
7/19/20;Paucartambo;30
7/19/20;Quispicanchi;206
7/19/20;Urubamba;127
7/2/20;Acomayo;32
7/2/20;Anta;115
7/2/20;Calca;62
7/2/20;Canas;27
7/2/20;Canchis;81
7/2/20;Chumbivilcas;48
7/2/20;Cusco;1991
7/2/20;Espinar;127
7/2/20;La Convencion;674
7/2/20;Paruro;19
7/2/20;Paucartambo;14
7/2/20;Quispicanchi;104
7/2/20;Urubamba;85
7/20/20;Acomayo;44
7/20/20;Anta;174
7/20/20;Calca;102
7/20/20;Canas;33
7/20/20;Canchis;169
7/20/20;Chumbivilcas;66
7/20/20;Cusco;4112
7/20/20;Espinar;197
7/20/20;La Convencion;1459
7/20/20;Paruro;29
7/20/20;Paucartambo;33
7/20/20;Quispicanchi;214
7/20/20;Urubamba;131
7/21/20;Acomayo;44
7/21/20;Anta;180
7/21/20;Calca;107
7/21/20;Canas;33
7/21/20;Canchis;182
7/21/20;Chumbivilcas;68
7/21/20;Cusco;4388
7/21/20;Espinar;203
7/21/20;La Convencion;1542
7/21/20;Paruro;30
7/21/20;Paucartambo;35
7/21/20;Quispicanchi;227
7/21/20;Urubamba;133
7/22/20;Acomayo;45
7/22/20;Anta;189
7/22/20;Calca;109
7/22/20;Canas;34
7/22/20;Canchis;196
7/22/20;Chumbivilcas;70
7/22/20;Cusco;4696
7/22/20;Espinar;210
7/22/20;La Convencion;1592
7/22/20;Paruro;30
7/22/20;Paucartambo;37
7/22/20;Quispicanchi;242
7/22/20;Urubamba;137
7/23/20;Acomayo;45
7/23/20;Anta;193
7/23/20;Calca;115
7/23/20;Canas;39
7/23/20;Canchis;199
7/23/20;Chumbivilcas;72
7/23/20;Cusco;4990
7/23/20;Espinar;212
7/23/20;La Convencion;1632
7/23/20;Paruro;31
7/23/20;Paucartambo;38
7/23/20;Quispicanchi;248
7/23/20;Urubamba;141
7/24/20;Acomayo;46
7/24/20;Anta;208
7/24/20;Calca;125
7/24/20;Canas;39
7/24/20;Canchis;210
7/24/20;Chumbivilcas;74
7/24/20;Cusco;5330
7/24/20;Espinar;215
7/24/20;La Convencion;1690
7/24/20;Paruro;33
7/24/20;Paucartambo;38
7/24/20;Quispicanchi;258
7/24/20;Urubamba;149
7/25/20;Acomayo;46
7/25/20;Anta;219
7/25/20;Calca;127
7/25/20;Canas;41
7/25/20;Canchis;223
7/25/20;Chumbivilcas;75
7/25/20;Cusco;5662
7/25/20;Espinar;221
7/25/20;La Convencion;1818
7/25/20;Paruro;34
7/25/20;Paucartambo;41
7/25/20;Quispicanchi;268
7/25/20;Urubamba;158
7/26/20;Acomayo;46
7/26/20;Anta;223
7/26/20;Calca;127
7/26/20;Canas;41
7/26/20;Canchis;225
7/26/20;Chumbivilcas;75
7/26/20;Cusco;5849
7/26/20;Espinar;222
7/26/20;La Convencion;1835
7/26/20;Paruro;35
7/26/20;Paucartambo;42
7/26/20;Quispicanchi;272
7/26/20;Urubamba;161
7/27/20;Acomayo;47
7/27/20;Anta;229
7/27/20;Calca;138
7/27/20;Canas;41
7/27/20;Canchis;239
7/27/20;Chumbivilcas;76
7/27/20;Cusco;6252
7/27/20;Espinar;226
7/27/20;La Convencion;1890
7/27/20;Paruro;37
7/27/20;Paucartambo;44
7/27/20;Quispicanchi;282
7/27/20;Urubamba;174
7/28/20;Acomayo;47
7/28/20;Anta;235
7/28/20;Calca;144
7/28/20;Canas;41
7/28/20;Canchis;243
7/28/20;Chumbivilcas;80
7/28/20;Cusco;6484
7/28/20;Espinar;232
7/28/20;La Convencion;1936
7/28/20;Paruro;43
7/28/20;Paucartambo;44
7/28/20;Quispicanchi;291
7/28/20;Urubamba;177
7/29/20;Acomayo;52
7/29/20;Anta;245
7/29/20;Calca;150
7/29/20;Canas;45
7/29/20;Canchis;255
7/29/20;Chumbivilcas;85
7/29/20;Cusco;6995
7/29/20;Espinar;240
7/29/20;La Convencion;2009
7/29/20;Paruro;49
7/29/20;Paucartambo;48
7/29/20;Quispicanchi;313
7/29/20;Urubamba;185
7/3/20;Acomayo;33
7/3/20;Anta;119
7/3/20;Calca;64
7/3/20;Canas;28
7/3/20;Canchis;82
7/3/20;Chumbivilcas;49
7/3/20;Cusco;2065
7/3/20;Espinar;129
7/3/20;La Convencion;715
7/3/20;Paruro;19
7/3/20;Paucartambo;16
7/3/20;Quispicanchi;107
7/3/20;Urubamba;88
7/30/20;Acomayo;52
7/30/20;Anta;265
7/30/20;Calca;157
7/30/20;Canas;46
7/30/20;Canchis;268
7/30/20;Chumbivilcas;88
7/30/20;Cusco;7523
7/30/20;Espinar;245
7/30/20;La Convencion;2075
7/30/20;Paruro;51
7/30/20;Paucartambo;50
7/30/20;Quispicanchi;336
7/30/20;Urubamba;197
7/31/20;Acomayo;53
7/31/20;Anta;277
7/31/20;Calca;166
7/31/20;Canas;54
7/31/20;Canchis;282
7/31/20;Chumbivilcas;102
7/31/20;Cusco;8032
7/31/20;Espinar;251
7/31/20;La Convencion;2178
7/31/20;Paruro;53
7/31/20;Paucartambo;58
7/31/20;Quispicanchi;356
7/31/20;Urubamba;204
7/4/20;Acomayo;33
7/4/20;Anta;120
7/4/20;Calca;65
7/4/20;Canas;28
7/4/20;Canchis;84
7/4/20;Chumbivilcas;49
7/4/20;Cusco;2123
7/4/20;Espinar;135
7/4/20;La Convencion;736
7/4/20;Paruro;19
7/4/20;Paucartambo;16
7/4/20;Quispicanchi;110
7/4/20;Urubamba;88
7/5/20;Acomayo;33
7/5/20;Anta;121
7/5/20;Calca;65
7/5/20;Canas;28
7/5/20;Canchis;85
7/5/20;Chumbivilcas;49
7/5/20;Cusco;2151
7/5/20;Espinar;135
7/5/20;La Convencion;751
7/5/20;Paruro;19
7/5/20;Paucartambo;16
7/5/20;Quispicanchi;110
7/5/20;Urubamba;88
7/6/20;Acomayo;33
7/6/20;Anta;124
7/6/20;Calca;70
7/6/20;Canas;28
7/6/20;Canchis;94
7/6/20;Chumbivilcas;49
7/6/20;Cusco;2234
7/6/20;Espinar;139
7/6/20;La Convencion;796
7/6/20;Paruro;20
7/6/20;Paucartambo;16
7/6/20;Quispicanchi;113
7/6/20;Urubamba;90
7/7/20;Acomayo;36
7/7/20;Anta;125
7/7/20;Calca;72
7/7/20;Canas;28
7/7/20;Canchis;100
7/7/20;Chumbivilcas;50
7/7/20;Cusco;2324
7/7/20;Espinar;143
7/7/20;La Convencion;825
7/7/20;Paruro;20
7/7/20;Paucartambo;16
7/7/20;Quispicanchi;121
7/7/20;Urubamba;93
7/8/20;Acomayo;36
7/8/20;Anta;130
7/8/20;Calca;75
7/8/20;Canas;28
7/8/20;Canchis;103
7/8/20;Chumbivilcas;50
7/8/20;Cusco;2401
7/8/20;Espinar;145
7/8/20;La Convencion;853
7/8/20;Paruro;20
7/8/20;Paucartambo;16
7/8/20;Quispicanchi;125
7/8/20;Urubamba;99
7/9/20;Acomayo;37
7/9/20;Anta;137
7/9/20;Calca;78
7/9/20;Canas;29
7/9/20;Canchis;106
7/9/20;Chumbivilcas;52
7/9/20;Cusco;2472
7/9/20;Espinar;153
7/9/20;La Convencion;875
7/9/20;Paruro;21
7/9/20;Paucartambo;16
7/9/20;Quispicanchi;131
7/9/20;Urubamba;103
8/1/20;Acomayo;56
8/1/20;Anta;317
8/1/20;Calca;170
8/1/20;Canas;59
8/1/20;Canchis;287
8/1/20;Chumbivilcas;106
8/1/20;Cusco;8462
8/1/20;Espinar;263
8/1/20;La Convencion;2224
8/1/20;Paruro;54
8/1/20;Paucartambo;63
8/1/20;Quispicanchi;375
8/1/20;Urubamba;208
8/10/20;Acomayo;70
8/10/20;Anta;465
8/10/20;Calca;241
8/10/20;Canas;77
8/10/20;Canchis;471
8/10/20;Chumbivilcas;138
8/10/20;Cusco;13530
8/10/20;Espinar;383
8/10/20;La Convencion;2767
8/10/20;Paruro;83
8/10/20;Paucartambo;98
8/10/20;Quispicanchi;536
8/10/20;Urubamba;322
8/11/20;Acomayo;71
8/11/20;Anta;493
8/11/20;Calca;252
8/11/20;Canas;79
8/11/20;Canchis;506
8/11/20;Chumbivilcas;146
8/11/20;Cusco;14558
8/11/20;Espinar;401
8/11/20;La Convencion;2862
8/11/20;Paruro;91
8/11/20;Paucartambo;100
8/11/20;Quispicanchi;577
8/11/20;Urubamba;344
8/12/20;Acomayo;74
8/12/20;Anta;514
8/12/20;Calca;261
8/12/20;Canas;80
8/12/20;Canchis;547
8/12/20;Chumbivilcas;167
8/12/20;Cusco;15290
8/12/20;Espinar;426
8/12/20;La Convencion;2942
8/12/20;Paruro;100
8/12/20;Paucartambo;103
8/12/20;Quispicanchi;612
8/12/20;Urubamba;370
8/13/20;Acomayo;76
8/13/20;Anta;540
8/13/20;Calca;277
8/13/20;Canas;82
8/13/20;Canchis;622
8/13/20;Chumbivilcas;177
8/13/20;Cusco;16082
8/13/20;Espinar;431
8/13/20;La Convencion;3031
8/13/20;Paruro;104
8/13/20;Paucartambo;105
8/13/20;Quispicanchi;641
8/13/20;Urubamba;398
8/14/20;Acomayo;78
8/14/20;Anta;567
8/14/20;Calca;290
8/14/20;Canas;86
8/14/20;Canchis;664
8/14/20;Chumbivilcas;189
8/14/20;Cusco;16873
8/14/20;Espinar;441
8/14/20;La Convencion;3127
8/14/20;Paruro;108
8/14/20;Paucartambo;116
8/14/20;Quispicanchi;674
8/14/20;Urubamba;424
8/15/20;Acomayo;83
8/15/20;Anta;587
8/15/20;Calca;312
8/15/20;Canas;89
8/15/20;Canchis;706
8/15/20;Chumbivilcas;199
8/15/20;Cusco;17557
8/15/20;Espinar;462
8/15/20;La Convencion;3212
8/15/20;Paruro;110
8/15/20;Paucartambo;122
8/15/20;Quispicanchi;702
8/15/20;Urubamba;438
8/16/20;Acomayo;83
8/16/20;Anta;589
8/16/20;Calca;314
8/16/20;Canas;90
8/16/20;Canchis;724
8/16/20;Chumbivilcas;215
8/16/20;Cusco;17640
8/16/20;Espinar;464
8/16/20;La Convencion;3227
8/16/20;Paruro;112
8/16/20;Paucartambo;124
8/16/20;Quispicanchi;708
8/16/20;Urubamba;443
8/17/20;Acomayo;85
8/17/20;Anta;633
8/17/20;Calca;388
8/17/20;Canas;90
8/17/20;Canchis;782
8/17/20;Chumbivilcas;231
8/17/20;Cusco;18505
8/17/20;Espinar;501
8/17/20;La Convencion;3284
8/17/20;Paruro;116
8/17/20;Paucartambo;131
8/17/20;Quispicanchi;739
8/17/20;Urubamba;463
8/18/20;Acomayo;89
8/18/20;Anta;652
8/18/20;Calca;400
8/18/20;Canas;99
8/18/20;Canchis;825
8/18/20;Chumbivilcas;237
8/18/20;Cusco;19323
8/18/20;Espinar;520
8/18/20;La Convencion;3357
8/18/20;Paruro;118
8/18/20;Paucartambo;141
8/18/20;Quispicanchi;779
8/18/20;Urubamba;477
8/19/20;Acomayo;98
8/19/20;Anta;676
8/19/20;Calca;418
8/19/20;Canas;105
8/19/20;Canchis;872
8/19/20;Chumbivilcas;246
8/19/20;Cusco;20406
8/19/20;Espinar;540
8/19/20;La Convencion;3453
8/19/20;Paruro;126
8/19/20;Paucartambo;152
8/19/20;Quispicanchi;836
8/19/20;Urubamba;502
8/2/20;Acomayo;57
8/2/20;Anta;319
8/2/20;Calca;172
8/2/20;Canas;60
8/2/20;Canchis;290
8/2/20;Chumbivilcas;108
8/2/20;Cusco;8609
8/2/20;Espinar;264
8/2/20;La Convencion;2238
8/2/20;Paruro;55
8/2/20;Paucartambo;64
8/2/20;Quispicanchi;381
8/2/20;Urubamba;209
8/20/20;Acomayo;101
8/20/20;Anta;744
8/20/20;Calca;436
8/20/20;Canas;110
8/20/20;Canchis;909
8/20/20;Chumbivilcas;270
8/20/20;Cusco;21634
8/20/20;Espinar;551
8/20/20;La Convencion;3522
8/20/20;Paruro;130
8/20/20;Paucartambo;159
8/20/20;Quispicanchi;999
8/20/20;Urubamba;535
8/21/20;Acomayo;106
8/21/20;Anta;836
8/21/20;Calca;448
8/21/20;Canas;114
8/21/20;Canchis;986
8/21/20;Chumbivilcas;295
8/21/20;Cusco;22725
8/21/20;Espinar;585
8/21/20;La Convencion;3627
8/21/20;Paruro;135
8/21/20;Paucartambo;168
8/21/20;Quispicanchi;1088
8/21/20;Urubamba;583
8/22/20;Acomayo;120
8/22/20;Anta;916
8/22/20;Calca;455
8/22/20;Canas;115
8/22/20;Canchis;1039
8/22/20;Chumbivilcas;302
8/22/20;Cusco;23732
8/22/20;Espinar;597
8/22/20;La Convencion;3711
8/22/20;Paruro;139
8/22/20;Paucartambo;181
8/22/20;Quispicanchi;1195
8/22/20;Urubamba;643
8/23/20;Acomayo;120
8/23/20;Anta;950
8/23/20;Calca;457
8/23/20;Canas;116
8/23/20;Canchis;1043
8/23/20;Chumbivilcas;315
8/23/20;Cusco;23892
8/23/20;Espinar;598
8/23/20;La Convencion;3747
8/23/20;Paruro;140
8/23/20;Paucartambo;181
8/23/20;Quispicanchi;1248
8/23/20;Urubamba;646
8/24/20;Acomayo;124
8/24/20;Anta;981
8/24/20;Calca;491
8/24/20;Canas;122
8/24/20;Canchis;1110
8/24/20;Chumbivilcas;326
8/24/20;Cusco;26441
8/24/20;Espinar;625
8/24/20;La Convencion;3820
8/24/20;Paruro;148
8/24/20;Paucartambo;189
8/24/20;Quispicanchi;1322
8/24/20;Urubamba;672
8/25/20;Acomayo;128
8/25/20;Anta;1002
8/25/20;Calca;512
8/25/20;Canas;123
8/25/20;Canchis;1229
8/25/20;Chumbivilcas;335
8/25/20;Cusco;27166
8/25/20;Espinar;643
8/25/20;La Convencion;3902
8/25/20;Paruro;151
8/25/20;Paucartambo;201
8/25/20;Quispicanchi;1358
8/25/20;Urubamba;705
8/26/20;Acomayo;129
8/26/20;Anta;1028
8/26/20;Calca;555
8/26/20;Canas;130
8/26/20;Canchis;1268
8/26/20;Chumbivilcas;342
8/26/20;Cusco;27963
8/26/20;Espinar;664
8/26/20;La Convencion;3977
8/26/20;Paruro;158
8/26/20;Paucartambo;206
8/26/20;Quispicanchi;1392
8/26/20;Urubamba;717
8/27/20;Acomayo;134
8/27/20;Anta;1052
8/27/20;Calca;601
8/27/20;Canas;133
8/27/20;Canchis;1325
8/27/20;Chumbivilcas;363
8/27/20;Cusco;28755
8/27/20;Espinar;680
8/27/20;La Convencion;4063
8/27/20;Paruro;160
8/27/20;Paucartambo;217
8/27/20;Quispicanchi;1416
8/27/20;Urubamba;742
8/28/20;Acomayo;136
8/28/20;Anta;1078
8/28/20;Calca;648
8/28/20;Canas;139
8/28/20;Canchis;1380
8/28/20;Chumbivilcas;373
8/28/20;Cusco;29716
8/28/20;Espinar;696
8/28/20;La Convencion;4150
8/28/20;Paruro;169
8/28/20;Paucartambo;220
8/28/20;Quispicanchi;1510
8/28/20;Urubamba;783
8/29/20;Acomayo;138
8/29/20;Anta;1089
8/29/20;Calca;653
8/29/20;Canas;143
8/29/20;Canchis;1434
8/29/20;Chumbivilcas;381
8/29/20;Cusco;30253
8/29/20;Espinar;712
8/29/20;La Convencion;4209
8/29/20;Paruro;173
8/29/20;Paucartambo;222
8/29/20;Quispicanchi;1537
8/29/20;Urubamba;796
8/3/20;Acomayo;59
8/3/20;Anta;328
8/3/20;Calca;184
8/3/20;Canas;63
8/3/20;Canchis;315
8/3/20;Chumbivilcas;115
8/3/20;Cusco;9308
8/3/20;Espinar;284
8/3/20;La Convencion;2310
8/3/20;Paruro;60
8/3/20;Paucartambo;67
8/3/20;Quispicanchi;396
8/3/20;Urubamba;225
8/30/20;Acomayo;138
8/30/20;Anta;1089
8/30/20;Calca;653
8/30/20;Canas;144
8/30/20;Canchis;1441
8/30/20;Chumbivilcas;385
8/30/20;Cusco;30334
8/30/20;Espinar;713
8/30/20;La Convencion;4224
8/30/20;Paruro;173
8/30/20;Paucartambo;222
8/30/20;Quispicanchi;1541
8/30/20;Urubamba;800
8/31/20;Acomayo;140
8/31/20;Anta;1102
8/31/20;Calca;687
8/31/20;Canas;151
8/31/20;Canchis;1524
8/31/20;Chumbivilcas;421
8/31/20;Cusco;31014
8/31/20;Espinar;746
8/31/20;La Convencion;4310
8/31/20;Paruro;177
8/31/20;Paucartambo;233
8/31/20;Quispicanchi;1584
8/31/20;Urubamba;816
8/4/20;Acomayo;62
8/4/20;Anta;345
8/4/20;Calca;196
8/4/20;Canas;63
8/4/20;Canchis;336
8/4/20;Chumbivilcas;116
8/4/20;Cusco;9981
8/4/20;Espinar;295
8/4/20;La Convencion;2383
8/4/20;Paruro;62
8/4/20;Paucartambo;68
8/4/20;Quispicanchi;413
8/4/20;Urubamba;234
8/5/20;Acomayo;65
8/5/20;Anta;370
8/5/20;Calca;205
8/5/20;Canas;65
8/5/20;Canchis;350
8/5/20;Chumbivilcas;122
8/5/20;Cusco;10613
8/5/20;Espinar;305
8/5/20;La Convencion;2452
8/5/20;Paruro;67
8/5/20;Paucartambo;75
8/5/20;Quispicanchi;439
8/5/20;Urubamba;251
8/6/20;Acomayo;66
8/6/20;Anta;386
8/6/20;Calca;213
8/6/20;Canas;68
8/6/20;Canchis;373
8/6/20;Chumbivilcas;125
8/6/20;Cusco;11296
8/6/20;Espinar;322
8/6/20;La Convencion;2512
8/6/20;Paruro;71
8/6/20;Paucartambo;78
8/6/20;Quispicanchi;455
8/6/20;Urubamba;273
8/7/20;Acomayo;67
8/7/20;Anta;411
8/7/20;Calca;219
8/7/20;Canas;71
8/7/20;Canchis;386
8/7/20;Chumbivilcas;125
8/7/20;Cusco;12006
8/7/20;Espinar;331
8/7/20;La Convencion;2594
8/7/20;Paruro;73
8/7/20;Paucartambo;85
8/7/20;Quispicanchi;470
8/7/20;Urubamba;295
8/8/20;Acomayo;69
8/8/20;Anta;432
8/8/20;Calca;227
8/8/20;Canas;71
8/8/20;Canchis;417
8/8/20;Chumbivilcas;127
8/8/20;Cusco;12608
8/8/20;Espinar;348
8/8/20;La Convencion;2643
8/8/20;Paruro;76
8/8/20;Paucartambo;92
8/8/20;Quispicanchi;486
8/8/20;Urubamba;304
8/9/20;Acomayo;69
8/9/20;Anta;433
8/9/20;Calca;230
8/9/20;Canas;72
8/9/20;Canchis;429
8/9/20;Chumbivilcas;128
8/9/20;Cusco;12704
8/9/20;Espinar;363
8/9/20;La Convencion;2670
8/9/20;Paruro;79
8/9/20;Paucartambo;93
8/9/20;Quispicanchi;491
8/9/20;Urubamba;307
9/1/20;Acomayo;155
9/1/20;Anta;1123
9/1/20;Calca;702
9/1/20;Canas;159
9/1/20;Canchis;1586
9/1/20;Chumbivilcas;451
9/1/20;Cusco;31587
9/1/20;Espinar;770
9/1/20;La Convencion;4372
9/1/20;Paruro;180
9/1/20;Paucartambo;243
9/1/20;Quispicanchi;1621
9/1/20;Urubamba;839
9/10/20;Acomayo;193
9/10/20;Anta;1406
9/10/20;Calca;848
9/10/20;Canas;189
9/10/20;Canchis;1958
9/10/20;Chumbivilcas;569
9/10/20;Cusco;36150
9/10/20;Espinar;912
9/10/20;La Convencion;4820
9/10/20;Paruro;240
9/10/20;Paucartambo;288
9/10/20;Quispicanchi;1905
9/10/20;Urubamba;1133
9/11/20;Acomayo;197
9/11/20;Anta;1414
9/11/20;Calca;866
9/11/20;Canas;193
9/11/20;Canchis;1988
9/11/20;Chumbivilcas;571
9/11/20;Cusco;36633
9/11/20;Espinar;942
9/11/20;La Convencion;4869
9/11/20;Paruro;242
9/11/20;Paucartambo;298
9/11/20;Quispicanchi;1927
9/11/20;Urubamba;1187
9/12/20;Acomayo;199
9/12/20;Anta;1433
9/12/20;Calca;881
9/12/20;Canas;196
9/12/20;Canchis;2013
9/12/20;Chumbivilcas;576
9/12/20;Cusco;36915
9/12/20;Espinar;947
9/12/20;La Convencion;4925
9/12/20;Paruro;243
9/12/20;Paucartambo;303
9/12/20;Quispicanchi;1944
9/12/20;Urubamba;1229
9/13/20;Acomayo;201
9/13/20;Anta;1439
9/13/20;Calca;885
9/13/20;Canas;198
9/13/20;Canchis;2018
9/13/20;Chumbivilcas;578
9/13/20;Cusco;37058
9/13/20;Espinar;948
9/13/20;La Convencion;4935
9/13/20;Paruro;246
9/13/20;Paucartambo;303
9/13/20;Quispicanchi;1966
9/13/20;Urubamba;1230
9/14/20;Acomayo;207
9/14/20;Anta;1454
9/14/20;Calca;906
9/14/20;Canas;208
9/14/20;Canchis;2058
9/14/20;Chumbivilcas;590
9/14/20;Cusco;37494
9/14/20;Espinar;976
9/14/20;La Convencion;5010
9/14/20;Paruro;249
9/14/20;Paucartambo;311
9/14/20;Quispicanchi;1985
9/14/20;Urubamba;1257
9/15/20;Acomayo;216
9/15/20;Anta;1468
9/15/20;Calca;910
9/15/20;Canas;210
9/15/20;Canchis;2095
9/15/20;Chumbivilcas;599
9/15/20;Cusco;37796
9/15/20;Espinar;1058
9/15/20;La Convencion;5048
9/15/20;Paruro;254
9/15/20;Paucartambo;333
9/15/20;Quispicanchi;2001
9/15/20;Urubamba;1266
9/16/20;Acomayo;230
9/16/20;Anta;1479
9/16/20;Calca;920
9/16/20;Canas;213
9/16/20;Canchis;2132
9/16/20;Chumbivilcas;608
9/16/20;Cusco;38071
9/16/20;Espinar;1098
9/16/20;La Convencion;5098
9/16/20;Paruro;254
9/16/20;Paucartambo;338
9/16/20;Quispicanchi;2011
9/16/20;Urubamba;1303
9/17/20;Acomayo;244
9/17/20;Anta;1492
9/17/20;Calca;925
9/17/20;Canas;213
9/17/20;Canchis;2151
9/17/20;Chumbivilcas;613
9/17/20;Cusco;38260
9/17/20;Espinar;1139
9/17/20;La Convencion;5153
9/17/20;Paruro;255
9/17/20;Paucartambo;341
9/17/20;Quispicanchi;2020
9/17/20;Urubamba;1306
9/18/20;Acomayo;247
9/18/20;Anta;1505
9/18/20;Calca;933
9/18/20;Canas;215
9/18/20;Canchis;2170
9/18/20;Chumbivilcas;630
9/18/20;Cusco;38452
9/18/20;Espinar;1153
9/18/20;La Convencion;5191
9/18/20;Paruro;260
9/18/20;Paucartambo;344
9/18/20;Quispicanchi;2037
9/18/20;Urubamba;1317
9/19/20;Acomayo;260
9/19/20;Anta;1511
9/19/20;Calca;944
9/19/20;Canas;219
9/19/20;Canchis;2190
9/19/20;Chumbivilcas;632
9/19/20;Cusco;38609
9/19/20;Espinar;1165
9/19/20;La Convencion;5220
9/19/20;Paruro;262
9/19/20;Paucartambo;346
9/19/20;Quispicanchi;2044
9/19/20;Urubamba;1329
9/2/20;Acomayo;164
9/2/20;Anta;1134
9/2/20;Calca;720
9/2/20;Canas;165
9/2/20;Canchis;1631
9/2/20;Chumbivilcas;468
9/2/20;Cusco;32109
9/2/20;Espinar;803
9/2/20;La Convencion;4439
9/2/20;Paruro;203
9/2/20;Paucartambo;251
9/2/20;Quispicanchi;1657
9/2/20;Urubamba;860
9/20/20;Acomayo;260
9/20/20;Anta;1514
9/20/20;Calca;947
9/20/20;Canas;220
9/20/20;Canchis;2191
9/20/20;Chumbivilcas;632
9/20/20;Cusco;38638
9/20/20;Espinar;1168
9/20/20;La Convencion;5231
9/20/20;Paruro;262
9/20/20;Paucartambo;346
9/20/20;Quispicanchi;2049
9/20/20;Urubamba;1330
9/21/20;Acomayo;276
9/21/20;Anta;1523
9/21/20;Calca;953
9/21/20;Canas;231
9/21/20;Canchis;2235
9/21/20;Chumbivilcas;643
9/21/20;Cusco;38830
9/21/20;Espinar;1179
9/21/20;La Convencion;5277
9/21/20;Paruro;263
9/21/20;Paucartambo;353
9/21/20;Quispicanchi;2106
9/21/20;Urubamba;1352
9/22/20;Acomayo;276
9/22/20;Anta;1561
9/22/20;Calca;958
9/22/20;Canas;235
9/22/20;Canchis;2269
9/22/20;Chumbivilcas;645
9/22/20;Cusco;39030
9/22/20;Espinar;1198
9/22/20;La Convencion;5304
9/22/20;Paruro;267
9/22/20;Paucartambo;358
9/22/20;Quispicanchi;2120
9/22/20;Urubamba;1363
9/23/20;Acomayo;279
9/23/20;Anta;1596
9/23/20;Calca;969
9/23/20;Canas;237
9/23/20;Canchis;2316
9/23/20;Chumbivilcas;652
9/23/20;Cusco;39266
9/23/20;Espinar;1216
9/23/20;La Convencion;5336
9/23/20;Paruro;272
9/23/20;Paucartambo;360
9/23/20;Quispicanchi;2140
9/23/20;Urubamba;1371
9/24/20;Acomayo;282
9/24/20;Anta;1634
9/24/20;Calca;975
9/24/20;Canas;239
9/24/20;Canchis;2336
9/24/20;Chumbivilcas;656
9/24/20;Cusco;39519
9/24/20;Espinar;1232
9/24/20;La Convencion;5369
9/24/20;Paruro;277
9/24/20;Paucartambo;362
9/24/20;Quispicanchi;2151
9/24/20;Urubamba;1382
9/25/20;Acomayo;286
9/25/20;Anta;1646
9/25/20;Calca;986
9/25/20;Canas;242
9/25/20;Canchis;2357
9/25/20;Chumbivilcas;662
9/25/20;Cusco;39797
9/25/20;Espinar;1245
9/25/20;La Convencion;5423
9/25/20;Paruro;280
9/25/20;Paucartambo;364
9/25/20;Quispicanchi;2158
9/25/20;Urubamba;1395
9/26/20;Acomayo;289
9/26/20;Anta;1652
9/26/20;Calca;990
9/26/20;Canas;246
9/26/20;Canchis;2372
9/26/20;Chumbivilcas;667
9/26/20;Cusco;39942
9/26/20;Espinar;1257
9/26/20;La Convencion;5463
9/26/20;Paruro;280
9/26/20;Paucartambo;365
9/26/20;Quispicanchi;2184
9/26/20;Urubamba;1402
9/27/20;Acomayo;289
9/27/20;Anta;1654
9/27/20;Calca;990
9/27/20;Canas;246
9/27/20;Canchis;2374
9/27/20;Chumbivilcas;667
9/27/20;Cusco;39963
9/27/20;Espinar;1258
9/27/20;La Convencion;5472
9/27/20;Paruro;280
9/27/20;Paucartambo;365
9/27/20;Quispicanchi;2188
9/27/20;Urubamba;1403
9/28/20;Acomayo;290
9/28/20;Anta;1656
9/28/20;Calca;998
9/28/20;Canas;248
9/28/20;Canchis;2409
9/28/20;Chumbivilcas;668
9/28/20;Cusco;40141
9/28/20;Espinar;1287
9/28/20;La Convencion;5517
9/28/20;Paruro;281
9/28/20;Paucartambo;367
9/28/20;Quispicanchi;2197
9/28/20;Urubamba;1409
9/29/20;Acomayo;294
9/29/20;Anta;1669
9/29/20;Calca;1006
9/29/20;Canas;248
9/29/20;Canchis;2425
9/29/20;Chumbivilcas;670
9/29/20;Cusco;40500
9/29/20;Espinar;1304
9/29/20;La Convencion;5582
9/29/20;Paruro;284
9/29/20;Paucartambo;371
9/29/20;Quispicanchi;2219
9/29/20;Urubamba;1412
9/3/20;Acomayo;172
9/3/20;Anta;1176
9/3/20;Calca;731
9/3/20;Canas;166
9/3/20;Canchis;1660
9/3/20;Chumbivilcas;471
9/3/20;Cusco;32605
9/3/20;Espinar;817
9/3/20;La Convencion;4490
9/3/20;Paruro;210
9/3/20;Paucartambo;259
9/3/20;Quispicanchi;1677
9/3/20;Urubamba;886
9/30/20;Acomayo;298
9/30/20;Anta;1695
9/30/20;Calca;1008
9/30/20;Canas;257
9/30/20;Canchis;2458
9/30/20;Chumbivilcas;672
9/30/20;Cusco;40777
9/30/20;Espinar;1316
9/30/20;La Convencion;5633
9/30/20;Paruro;287
9/30/20;Paucartambo;372
9/30/20;Quispicanchi;2233
9/30/20;Urubamba;1423
9/4/20;Acomayo;175
9/4/20;Anta;1188
9/4/20;Calca;739
9/4/20;Canas;168
9/4/20;Canchis;1716
9/4/20;Chumbivilcas;485
9/4/20;Cusco;33088
9/4/20;Espinar;834
9/4/20;La Convencion;4571
9/4/20;Paruro;214
9/4/20;Paucartambo;263
9/4/20;Quispicanchi;1705
9/4/20;Urubamba;905
9/5/20;Acomayo;175
9/5/20;Anta;1196
9/5/20;Calca;744
9/5/20;Canas;171
9/5/20;Canchis;1746
9/5/20;Chumbivilcas;489
9/5/20;Cusco;33420
9/5/20;Espinar;843
9/5/20;La Convencion;4616
9/5/20;Paruro;216
9/5/20;Paucartambo;264
9/5/20;Quispicanchi;1723
9/5/20;Urubamba;915
9/6/20;Acomayo;176
9/6/20;Anta;1197
9/6/20;Calca;745
9/6/20;Canas;171
9/6/20;Canchis;1757
9/6/20;Chumbivilcas;496
9/6/20;Cusco;33486
9/6/20;Espinar;844
9/6/20;La Convencion;4626
9/6/20;Paruro;216
9/6/20;Paucartambo;265
9/6/20;Quispicanchi;1728
9/6/20;Urubamba;920
9/7/20;Acomayo;178
9/7/20;Anta;1352
9/7/20;Calca;824
9/7/20;Canas;173
9/7/20;Canchis;1800
9/7/20;Chumbivilcas;544
9/7/20;Cusco;34077
9/7/20;Espinar;863
9/7/20;La Convencion;4684
9/7/20;Paruro;216
9/7/20;Paucartambo;273
9/7/20;Quispicanchi;1801
9/7/20;Urubamba;1043
9/8/20;Acomayo;181
9/8/20;Anta;1368
9/8/20;Calca;828
9/8/20;Canas;175
9/8/20;Canchis;1885
9/8/20;Chumbivilcas;551
9/8/20;Cusco;35036
9/8/20;Espinar;879
9/8/20;La Convencion;4718
9/8/20;Paruro;222
9/8/20;Paucartambo;280
9/8/20;Quispicanchi;1859
9/8/20;Urubamba;1085
9/9/20;Acomayo;189
9/9/20;Anta;1390
9/9/20;Calca;839
9/9/20;Canas;183
9/9/20;Canchis;1924
9/9/20;Chumbivilcas;567
9/9/20;Cusco;35674
9/9/20;Espinar;888
9/9/20;La Convencion;4767
9/9/20;Paruro;227
9/9/20;Paucartambo;285
9/9/20;Quispicanchi;1881
9/9/20;Urubamba;1107
