DateRep;Country;Deaths_cumsum
10/1/20;Acomayo;4
10/1/20;Anta;19
10/1/20;Calca;9
10/1/20;Canas;2
10/1/20;Canchis;40
10/1/20;Chumbivilcas;3
10/1/20;Cusco;990
10/1/20;Espinar;13
10/1/20;La Convencion;42
10/1/20;Paruro;7
10/1/20;Paucartambo;1
10/1/20;Quispicanchi;20
10/1/20;Urubamba;13
10/10/20;Acomayo;4
10/10/20;Anta;19
10/10/20;Calca;9
10/10/20;Canas;2
10/10/20;Canchis;41
10/10/20;Chumbivilcas;3
10/10/20;Cusco;1005
10/10/20;Espinar;13
10/10/20;La Convencion;44
10/10/20;Paruro;7
10/10/20;Paucartambo;1
10/10/20;Quispicanchi;21
10/10/20;Urubamba;13
10/11/20;Acomayo;4
10/11/20;Anta;19
10/11/20;Calca;9
10/11/20;Canas;2
10/11/20;Canchis;41
10/11/20;Chumbivilcas;3
10/11/20;Cusco;1006
10/11/20;Espinar;13
10/11/20;La Convencion;44
10/11/20;Paruro;7
10/11/20;Paucartambo;1
10/11/20;Quispicanchi;21
10/11/20;Urubamba;13
10/12/20;Acomayo;4
10/12/20;Anta;19
10/12/20;Calca;9
10/12/20;Canas;2
10/12/20;Canchis;41
10/12/20;Chumbivilcas;3
10/12/20;Cusco;1007
10/12/20;Espinar;13
10/12/20;La Convencion;44
10/12/20;Paruro;7
10/12/20;Paucartambo;1
10/12/20;Quispicanchi;21
10/12/20;Urubamba;13
10/13/20;Acomayo;4
10/13/20;Anta;19
10/13/20;Calca;9
10/13/20;Canas;2
10/13/20;Canchis;41
10/13/20;Chumbivilcas;3
10/13/20;Cusco;1010
10/13/20;Espinar;13
10/13/20;La Convencion;44
10/13/20;Paruro;7
10/13/20;Paucartambo;1
10/13/20;Quispicanchi;21
10/13/20;Urubamba;13
10/14/20;Acomayo;4
10/14/20;Anta;19
10/14/20;Calca;9
10/14/20;Canas;2
10/14/20;Canchis;41
10/14/20;Chumbivilcas;3
10/14/20;Cusco;1012
10/14/20;Espinar;13
10/14/20;La Convencion;44
10/14/20;Paruro;7
10/14/20;Paucartambo;1
10/14/20;Quispicanchi;21
10/14/20;Urubamba;13
10/15/20;Acomayo;4
10/15/20;Anta;19
10/15/20;Calca;9
10/15/20;Canas;2
10/15/20;Canchis;41
10/15/20;Chumbivilcas;3
10/15/20;Cusco;1012
10/15/20;Espinar;13
10/15/20;La Convencion;44
10/15/20;Paruro;7
10/15/20;Paucartambo;1
10/15/20;Quispicanchi;21
10/15/20;Urubamba;13
10/16/20;Acomayo;4
10/16/20;Anta;19
10/16/20;Calca;9
10/16/20;Canas;3
10/16/20;Canchis;41
10/16/20;Chumbivilcas;3
10/16/20;Cusco;1013
10/16/20;Espinar;13
10/16/20;La Convencion;44
10/16/20;Paruro;7
10/16/20;Paucartambo;1
10/16/20;Quispicanchi;21
10/16/20;Urubamba;14
10/17/20;Acomayo;4
10/17/20;Anta;20
10/17/20;Calca;9
10/17/20;Canas;3
10/17/20;Canchis;41
10/17/20;Chumbivilcas;3
10/17/20;Cusco;1014
10/17/20;Espinar;13
10/17/20;La Convencion;45
10/17/20;Paruro;7
10/17/20;Paucartambo;1
10/17/20;Quispicanchi;21
10/17/20;Urubamba;14
10/18/20;Acomayo;5
10/18/20;Anta;20
10/18/20;Calca;9
10/18/20;Canas;3
10/18/20;Canchis;41
10/18/20;Chumbivilcas;3
10/18/20;Cusco;1018
10/18/20;Espinar;13
10/18/20;La Convencion;45
10/18/20;Paruro;7
10/18/20;Paucartambo;1
10/18/20;Quispicanchi;21
10/18/20;Urubamba;14
10/19/20;Acomayo;5
10/19/20;Anta;20
10/19/20;Calca;9
10/19/20;Canas;3
10/19/20;Canchis;43
10/19/20;Chumbivilcas;3
10/19/20;Cusco;1022
10/19/20;Espinar;13
10/19/20;La Convencion;45
10/19/20;Paruro;8
10/19/20;Paucartambo;1
10/19/20;Quispicanchi;21
10/19/20;Urubamba;14
10/2/20;Acomayo;4
10/2/20;Anta;19
10/2/20;Calca;9
10/2/20;Canas;2
10/2/20;Canchis;40
10/2/20;Chumbivilcas;3
10/2/20;Cusco;993
10/2/20;Espinar;13
10/2/20;La Convencion;43
10/2/20;Paruro;7
10/2/20;Paucartambo;1
10/2/20;Quispicanchi;20
10/2/20;Urubamba;13
10/20/20;Acomayo;5
10/20/20;Anta;20
10/20/20;Calca;9
10/20/20;Canas;3
10/20/20;Canchis;43
10/20/20;Chumbivilcas;3
10/20/20;Cusco;1023
10/20/20;Espinar;13
10/20/20;La Convencion;45
10/20/20;Paruro;8
10/20/20;Paucartambo;1
10/20/20;Quispicanchi;21
10/20/20;Urubamba;14
10/21/20;Acomayo;5
10/21/20;Anta;20
10/21/20;Calca;9
10/21/20;Canas;3
10/21/20;Canchis;43
10/21/20;Chumbivilcas;3
10/21/20;Cusco;1025
10/21/20;Espinar;13
10/21/20;La Convencion;45
10/21/20;Paruro;8
10/21/20;Paucartambo;1
10/21/20;Quispicanchi;21
10/21/20;Urubamba;14
10/22/20;Acomayo;5
10/22/20;Anta;20
10/22/20;Calca;9
10/22/20;Canas;3
10/22/20;Canchis;43
10/22/20;Chumbivilcas;3
10/22/20;Cusco;1026
10/22/20;Espinar;13
10/22/20;La Convencion;46
10/22/20;Paruro;8
10/22/20;Paucartambo;1
10/22/20;Quispicanchi;21
10/22/20;Urubamba;14
10/23/20;Acomayo;5
10/23/20;Anta;20
10/23/20;Calca;9
10/23/20;Canas;3
10/23/20;Canchis;43
10/23/20;Chumbivilcas;3
10/23/20;Cusco;1028
10/23/20;Espinar;13
10/23/20;La Convencion;46
10/23/20;Paruro;8
10/23/20;Paucartambo;1
10/23/20;Quispicanchi;21
10/23/20;Urubamba;14
10/24/20;Acomayo;5
10/24/20;Anta;20
10/24/20;Calca;9
10/24/20;Canas;3
10/24/20;Canchis;43
10/24/20;Chumbivilcas;3
10/24/20;Cusco;1031
10/24/20;Espinar;13
10/24/20;La Convencion;46
10/24/20;Paruro;8
10/24/20;Paucartambo;1
10/24/20;Quispicanchi;21
10/24/20;Urubamba;14
10/25/20;Acomayo;5
10/25/20;Anta;21
10/25/20;Calca;9
10/25/20;Canas;3
10/25/20;Canchis;43
10/25/20;Chumbivilcas;3
10/25/20;Cusco;1032
10/25/20;Espinar;13
10/25/20;La Convencion;46
10/25/20;Paruro;8
10/25/20;Paucartambo;1
10/25/20;Quispicanchi;21
10/25/20;Urubamba;14
10/26/20;Acomayo;5
10/26/20;Anta;21
10/26/20;Calca;9
10/26/20;Canas;3
10/26/20;Canchis;43
10/26/20;Chumbivilcas;3
10/26/20;Cusco;1033
10/26/20;Espinar;13
10/26/20;La Convencion;46
10/26/20;Paruro;8
10/26/20;Paucartambo;1
10/26/20;Quispicanchi;21
10/26/20;Urubamba;14
10/27/20;Acomayo;5
10/27/20;Anta;21
10/27/20;Calca;9
10/27/20;Canas;3
10/27/20;Canchis;43
10/27/20;Chumbivilcas;3
10/27/20;Cusco;1035
10/27/20;Espinar;13
10/27/20;La Convencion;46
10/27/20;Paruro;8
10/27/20;Paucartambo;1
10/27/20;Quispicanchi;21
10/27/20;Urubamba;14
10/28/20;Acomayo;5
10/28/20;Anta;21
10/28/20;Calca;9
10/28/20;Canas;3
10/28/20;Canchis;43
10/28/20;Chumbivilcas;3
10/28/20;Cusco;1039
10/28/20;Espinar;13
10/28/20;La Convencion;47
10/28/20;Paruro;8
10/28/20;Paucartambo;1
10/28/20;Quispicanchi;21
10/28/20;Urubamba;14
10/29/20;Acomayo;5
10/29/20;Anta;22
10/29/20;Calca;9
10/29/20;Canas;3
10/29/20;Canchis;43
10/29/20;Chumbivilcas;3
10/29/20;Cusco;1040
10/29/20;Espinar;13
10/29/20;La Convencion;48
10/29/20;Paruro;8
10/29/20;Paucartambo;1
10/29/20;Quispicanchi;21
10/29/20;Urubamba;14
10/3/20;Acomayo;4
10/3/20;Anta;19
10/3/20;Calca;9
10/3/20;Canas;2
10/3/20;Canchis;40
10/3/20;Chumbivilcas;3
10/3/20;Cusco;994
10/3/20;Espinar;13
10/3/20;La Convencion;44
10/3/20;Paruro;7
10/3/20;Paucartambo;1
10/3/20;Quispicanchi;20
10/3/20;Urubamba;13
10/30/20;Acomayo;5
10/30/20;Anta;22
10/30/20;Calca;9
10/30/20;Canas;3
10/30/20;Canchis;43
10/30/20;Chumbivilcas;3
10/30/20;Cusco;1042
10/30/20;Espinar;13
10/30/20;La Convencion;48
10/30/20;Paruro;8
10/30/20;Paucartambo;1
10/30/20;Quispicanchi;21
10/30/20;Urubamba;14
10/31/20;Acomayo;5
10/31/20;Anta;22
10/31/20;Calca;9
10/31/20;Canas;3
10/31/20;Canchis;43
10/31/20;Chumbivilcas;3
10/31/20;Cusco;1042
10/31/20;Espinar;13
10/31/20;La Convencion;48
10/31/20;Paruro;8
10/31/20;Paucartambo;1
10/31/20;Quispicanchi;21
10/31/20;Urubamba;14
10/4/20;Acomayo;4
10/4/20;Anta;19
10/4/20;Calca;9
10/4/20;Canas;2
10/4/20;Canchis;40
10/4/20;Chumbivilcas;3
10/4/20;Cusco;995
10/4/20;Espinar;13
10/4/20;La Convencion;44
10/4/20;Paruro;7
10/4/20;Paucartambo;1
10/4/20;Quispicanchi;20
10/4/20;Urubamba;13
10/5/20;Acomayo;4
10/5/20;Anta;19
10/5/20;Calca;9
10/5/20;Canas;2
10/5/20;Canchis;40
10/5/20;Chumbivilcas;3
10/5/20;Cusco;997
10/5/20;Espinar;13
10/5/20;La Convencion;44
10/5/20;Paruro;7
10/5/20;Paucartambo;1
10/5/20;Quispicanchi;21
10/5/20;Urubamba;13
10/6/20;Acomayo;4
10/6/20;Anta;19
10/6/20;Calca;9
10/6/20;Canas;2
10/6/20;Canchis;41
10/6/20;Chumbivilcas;3
10/6/20;Cusco;999
10/6/20;Espinar;13
10/6/20;La Convencion;44
10/6/20;Paruro;7
10/6/20;Paucartambo;1
10/6/20;Quispicanchi;21
10/6/20;Urubamba;13
10/7/20;Acomayo;4
10/7/20;Anta;19
10/7/20;Calca;9
10/7/20;Canas;2
10/7/20;Canchis;41
10/7/20;Chumbivilcas;3
10/7/20;Cusco;1000
10/7/20;Espinar;13
10/7/20;La Convencion;44
10/7/20;Paruro;7
10/7/20;Paucartambo;1
10/7/20;Quispicanchi;21
10/7/20;Urubamba;13
10/8/20;Acomayo;4
10/8/20;Anta;19
10/8/20;Calca;9
10/8/20;Canas;2
10/8/20;Canchis;41
10/8/20;Chumbivilcas;3
10/8/20;Cusco;1004
10/8/20;Espinar;13
10/8/20;La Convencion;44
10/8/20;Paruro;7
10/8/20;Paucartambo;1
10/8/20;Quispicanchi;21
10/8/20;Urubamba;13
10/9/20;Acomayo;4
10/9/20;Anta;19
10/9/20;Calca;9
10/9/20;Canas;2
10/9/20;Canchis;41
10/9/20;Chumbivilcas;3
10/9/20;Cusco;1004
10/9/20;Espinar;13
10/9/20;La Convencion;44
10/9/20;Paruro;7
10/9/20;Paucartambo;1
10/9/20;Quispicanchi;21
10/9/20;Urubamba;13
11/1/20;Acomayo;5
11/1/20;Anta;22
11/1/20;Calca;9
11/1/20;Canas;3
11/1/20;Canchis;43
11/1/20;Chumbivilcas;3
11/1/20;Cusco;1044
11/1/20;Espinar;13
11/1/20;La Convencion;48
11/1/20;Paruro;8
11/1/20;Paucartambo;1
11/1/20;Quispicanchi;21
11/1/20;Urubamba;14
11/10/20;Acomayo;6
11/10/20;Anta;22
11/10/20;Calca;9
11/10/20;Canas;3
11/10/20;Canchis;43
11/10/20;Chumbivilcas;3
11/10/20;Cusco;1052
11/10/20;Espinar;13
11/10/20;La Convencion;49
11/10/20;Paruro;8
11/10/20;Paucartambo;1
11/10/20;Quispicanchi;23
11/10/20;Urubamba;14
11/11/20;Acomayo;6
11/11/20;Anta;22
11/11/20;Calca;9
11/11/20;Canas;3
11/11/20;Canchis;43
11/11/20;Chumbivilcas;3
11/11/20;Cusco;1053
11/11/20;Espinar;13
11/11/20;La Convencion;49
11/11/20;Paruro;8
11/11/20;Paucartambo;1
11/11/20;Quispicanchi;24
11/11/20;Urubamba;14
11/12/20;Acomayo;6
11/12/20;Anta;22
11/12/20;Calca;9
11/12/20;Canas;3
11/12/20;Canchis;43
11/12/20;Chumbivilcas;3
11/12/20;Cusco;1056
11/12/20;Espinar;13
11/12/20;La Convencion;49
11/12/20;Paruro;8
11/12/20;Paucartambo;1
11/12/20;Quispicanchi;25
11/12/20;Urubamba;14
11/13/20;Acomayo;6
11/13/20;Anta;22
11/13/20;Calca;9
11/13/20;Canas;3
11/13/20;Canchis;43
11/13/20;Chumbivilcas;3
11/13/20;Cusco;1056
11/13/20;Espinar;13
11/13/20;La Convencion;49
11/13/20;Paruro;8
11/13/20;Paucartambo;1
11/13/20;Quispicanchi;25
11/13/20;Urubamba;14
11/14/20;Acomayo;6
11/14/20;Anta;22
11/14/20;Calca;9
11/14/20;Canas;3
11/14/20;Canchis;43
11/14/20;Chumbivilcas;3
11/14/20;Cusco;1057
11/14/20;Espinar;13
11/14/20;La Convencion;49
11/14/20;Paruro;8
11/14/20;Paucartambo;1
11/14/20;Quispicanchi;25
11/14/20;Urubamba;14
11/15/20;Acomayo;6
11/15/20;Anta;22
11/15/20;Calca;9
11/15/20;Canas;3
11/15/20;Canchis;43
11/15/20;Chumbivilcas;3
11/15/20;Cusco;1058
11/15/20;Espinar;13
11/15/20;La Convencion;49
11/15/20;Paruro;8
11/15/20;Paucartambo;1
11/15/20;Quispicanchi;25
11/15/20;Urubamba;14
11/16/20;Acomayo;6
11/16/20;Anta;22
11/16/20;Calca;9
11/16/20;Canas;3
11/16/20;Canchis;43
11/16/20;Chumbivilcas;3
11/16/20;Cusco;1058
11/16/20;Espinar;13
11/16/20;La Convencion;49
11/16/20;Paruro;8
11/16/20;Paucartambo;1
11/16/20;Quispicanchi;26
11/16/20;Urubamba;14
11/17/20;Acomayo;6
11/17/20;Anta;22
11/17/20;Calca;9
11/17/20;Canas;3
11/17/20;Canchis;43
11/17/20;Chumbivilcas;3
11/17/20;Cusco;1061
11/17/20;Espinar;13
11/17/20;La Convencion;50
11/17/20;Paruro;8
11/17/20;Paucartambo;1
11/17/20;Quispicanchi;26
11/17/20;Urubamba;14
11/18/20;Acomayo;6
11/18/20;Anta;22
11/18/20;Calca;9
11/18/20;Canas;3
11/18/20;Canchis;43
11/18/20;Chumbivilcas;3
11/18/20;Cusco;1061
11/18/20;Espinar;13
11/18/20;La Convencion;51
11/18/20;Paruro;8
11/18/20;Paucartambo;1
11/18/20;Quispicanchi;26
11/18/20;Urubamba;14
11/19/20;Acomayo;6
11/19/20;Anta;22
11/19/20;Calca;9
11/19/20;Canas;3
11/19/20;Canchis;43
11/19/20;Chumbivilcas;3
11/19/20;Cusco;1061
11/19/20;Espinar;13
11/19/20;La Convencion;51
11/19/20;Paruro;8
11/19/20;Paucartambo;1
11/19/20;Quispicanchi;27
11/19/20;Urubamba;14
11/2/20;Acomayo;5
11/2/20;Anta;22
11/2/20;Calca;9
11/2/20;Canas;3
11/2/20;Canchis;43
11/2/20;Chumbivilcas;3
11/2/20;Cusco;1044
11/2/20;Espinar;13
11/2/20;La Convencion;48
11/2/20;Paruro;8
11/2/20;Paucartambo;1
11/2/20;Quispicanchi;22
11/2/20;Urubamba;14
11/20/20;Acomayo;6
11/20/20;Anta;22
11/20/20;Calca;9
11/20/20;Canas;3
11/20/20;Canchis;43
11/20/20;Chumbivilcas;3
11/20/20;Cusco;1061
11/20/20;Espinar;13
11/20/20;La Convencion;51
11/20/20;Paruro;8
11/20/20;Paucartambo;1
11/20/20;Quispicanchi;27
11/20/20;Urubamba;14
11/21/20;Acomayo;6
11/21/20;Anta;22
11/21/20;Calca;9
11/21/20;Canas;3
11/21/20;Canchis;43
11/21/20;Chumbivilcas;3
11/21/20;Cusco;1062
11/21/20;Espinar;13
11/21/20;La Convencion;51
11/21/20;Paruro;8
11/21/20;Paucartambo;1
11/21/20;Quispicanchi;27
11/21/20;Urubamba;14
11/22/20;Acomayo;6
11/22/20;Anta;22
11/22/20;Calca;9
11/22/20;Canas;3
11/22/20;Canchis;43
11/22/20;Chumbivilcas;3
11/22/20;Cusco;1062
11/22/20;Espinar;13
11/22/20;La Convencion;51
11/22/20;Paruro;8
11/22/20;Paucartambo;1
11/22/20;Quispicanchi;27
11/22/20;Urubamba;14
11/23/20;Acomayo;6
11/23/20;Anta;22
11/23/20;Calca;9
11/23/20;Canas;3
11/23/20;Canchis;43
11/23/20;Chumbivilcas;3
11/23/20;Cusco;1062
11/23/20;Espinar;13
11/23/20;La Convencion;52
11/23/20;Paruro;9
11/23/20;Paucartambo;1
11/23/20;Quispicanchi;27
11/23/20;Urubamba;14
11/24/20;Acomayo;6
11/24/20;Anta;22
11/24/20;Calca;9
11/24/20;Canas;3
11/24/20;Canchis;43
11/24/20;Chumbivilcas;3
11/24/20;Cusco;1062
11/24/20;Espinar;13
11/24/20;La Convencion;52
11/24/20;Paruro;9
11/24/20;Paucartambo;1
11/24/20;Quispicanchi;28
11/24/20;Urubamba;14
11/25/20;Acomayo;6
11/25/20;Anta;22
11/25/20;Calca;9
11/25/20;Canas;3
11/25/20;Canchis;43
11/25/20;Chumbivilcas;3
11/25/20;Cusco;1064
11/25/20;Espinar;13
11/25/20;La Convencion;52
11/25/20;Paruro;9
11/25/20;Paucartambo;1
11/25/20;Quispicanchi;28
11/25/20;Urubamba;14
11/26/20;Acomayo;6
11/26/20;Anta;22
11/26/20;Calca;9
11/26/20;Canas;3
11/26/20;Canchis;43
11/26/20;Chumbivilcas;3
11/26/20;Cusco;1066
11/26/20;Espinar;13
11/26/20;La Convencion;52
11/26/20;Paruro;9
11/26/20;Paucartambo;1
11/26/20;Quispicanchi;28
11/26/20;Urubamba;14
11/27/20;Acomayo;6
11/27/20;Anta;22
11/27/20;Calca;9
11/27/20;Canas;3
11/27/20;Canchis;43
11/27/20;Chumbivilcas;3
11/27/20;Cusco;1066
11/27/20;Espinar;13
11/27/20;La Convencion;52
11/27/20;Paruro;9
11/27/20;Paucartambo;1
11/27/20;Quispicanchi;28
11/27/20;Urubamba;14
11/28/20;Acomayo;6
11/28/20;Anta;22
11/28/20;Calca;9
11/28/20;Canas;3
11/28/20;Canchis;43
11/28/20;Chumbivilcas;3
11/28/20;Cusco;1066
11/28/20;Espinar;13
11/28/20;La Convencion;52
11/28/20;Paruro;9
11/28/20;Paucartambo;1
11/28/20;Quispicanchi;28
11/28/20;Urubamba;14
11/29/20;Acomayo;6
11/29/20;Anta;22
11/29/20;Calca;9
11/29/20;Canas;3
11/29/20;Canchis;43
11/29/20;Chumbivilcas;3
11/29/20;Cusco;1066
11/29/20;Espinar;13
11/29/20;La Convencion;52
11/29/20;Paruro;9
11/29/20;Paucartambo;1
11/29/20;Quispicanchi;28
11/29/20;Urubamba;14
11/3/20;Acomayo;5
11/3/20;Anta;22
11/3/20;Calca;9
11/3/20;Canas;3
11/3/20;Canchis;43
11/3/20;Chumbivilcas;3
11/3/20;Cusco;1045
11/3/20;Espinar;13
11/3/20;La Convencion;48
11/3/20;Paruro;8
11/3/20;Paucartambo;1
11/3/20;Quispicanchi;22
11/3/20;Urubamba;14
11/4/20;Acomayo;5
11/4/20;Anta;22
11/4/20;Calca;9
11/4/20;Canas;3
11/4/20;Canchis;43
11/4/20;Chumbivilcas;3
11/4/20;Cusco;1048
11/4/20;Espinar;13
11/4/20;La Convencion;48
11/4/20;Paruro;8
11/4/20;Paucartambo;1
11/4/20;Quispicanchi;22
11/4/20;Urubamba;14
11/5/20;Acomayo;5
11/5/20;Anta;22
11/5/20;Calca;9
11/5/20;Canas;3
11/5/20;Canchis;43
11/5/20;Chumbivilcas;3
11/5/20;Cusco;1049
11/5/20;Espinar;13
11/5/20;La Convencion;48
11/5/20;Paruro;8
11/5/20;Paucartambo;1
11/5/20;Quispicanchi;22
11/5/20;Urubamba;14
11/6/20;Acomayo;6
11/6/20;Anta;22
11/6/20;Calca;9
11/6/20;Canas;3
11/6/20;Canchis;43
11/6/20;Chumbivilcas;3
11/6/20;Cusco;1049
11/6/20;Espinar;13
11/6/20;La Convencion;49
11/6/20;Paruro;8
11/6/20;Paucartambo;1
11/6/20;Quispicanchi;22
11/6/20;Urubamba;14
11/7/20;Acomayo;6
11/7/20;Anta;22
11/7/20;Calca;9
11/7/20;Canas;3
11/7/20;Canchis;43
11/7/20;Chumbivilcas;3
11/7/20;Cusco;1050
11/7/20;Espinar;13
11/7/20;La Convencion;49
11/7/20;Paruro;8
11/7/20;Paucartambo;1
11/7/20;Quispicanchi;22
11/7/20;Urubamba;14
11/8/20;Acomayo;6
11/8/20;Anta;22
11/8/20;Calca;9
11/8/20;Canas;3
11/8/20;Canchis;43
11/8/20;Chumbivilcas;3
11/8/20;Cusco;1050
11/8/20;Espinar;13
11/8/20;La Convencion;49
11/8/20;Paruro;8
11/8/20;Paucartambo;1
11/8/20;Quispicanchi;23
11/8/20;Urubamba;14
11/9/20;Acomayo;6
11/9/20;Anta;22
11/9/20;Calca;9
11/9/20;Canas;3
11/9/20;Canchis;43
11/9/20;Chumbivilcas;3
11/9/20;Cusco;1051
11/9/20;Espinar;13
11/9/20;La Convencion;49
11/9/20;Paruro;8
11/9/20;Paucartambo;1
11/9/20;Quispicanchi;23
11/9/20;Urubamba;14
3/13/20;Acomayo;0
3/13/20;Anta;0
3/13/20;Calca;0
3/13/20;Canas;0
3/13/20;Canchis;0
3/13/20;Chumbivilcas;0
3/13/20;Cusco;0
3/13/20;Espinar;0
3/13/20;La Convencion;0
3/13/20;Paruro;0
3/13/20;Paucartambo;0
3/13/20;Quispicanchi;0
3/13/20;Urubamba;0
3/14/20;Acomayo;0
3/14/20;Anta;0
3/14/20;Calca;0
3/14/20;Canas;0
3/14/20;Canchis;0
3/14/20;Chumbivilcas;0
3/14/20;Cusco;0
3/14/20;Espinar;0
3/14/20;La Convencion;0
3/14/20;Paruro;0
3/14/20;Paucartambo;0
3/14/20;Quispicanchi;0
3/14/20;Urubamba;0
3/15/20;Acomayo;0
3/15/20;Anta;0
3/15/20;Calca;0
3/15/20;Canas;0
3/15/20;Canchis;0
3/15/20;Chumbivilcas;0
3/15/20;Cusco;0
3/15/20;Espinar;0
3/15/20;La Convencion;0
3/15/20;Paruro;0
3/15/20;Paucartambo;0
3/15/20;Quispicanchi;0
3/15/20;Urubamba;0
3/16/20;Acomayo;0
3/16/20;Anta;0
3/16/20;Calca;0
3/16/20;Canas;0
3/16/20;Canchis;0
3/16/20;Chumbivilcas;0
3/16/20;Cusco;0
3/16/20;Espinar;0
3/16/20;La Convencion;0
3/16/20;Paruro;0
3/16/20;Paucartambo;0
3/16/20;Quispicanchi;0
3/16/20;Urubamba;0
3/17/20;Acomayo;0
3/17/20;Anta;0
3/17/20;Calca;0
3/17/20;Canas;0
3/17/20;Canchis;0
3/17/20;Chumbivilcas;0
3/17/20;Cusco;0
3/17/20;Espinar;0
3/17/20;La Convencion;0
3/17/20;Paruro;0
3/17/20;Paucartambo;0
3/17/20;Quispicanchi;0
3/17/20;Urubamba;0
3/18/20;Acomayo;0
3/18/20;Anta;0
3/18/20;Calca;0
3/18/20;Canas;0
3/18/20;Canchis;0
3/18/20;Chumbivilcas;0
3/18/20;Cusco;0
3/18/20;Espinar;0
3/18/20;La Convencion;0
3/18/20;Paruro;0
3/18/20;Paucartambo;0
3/18/20;Quispicanchi;0
3/18/20;Urubamba;0
3/19/20;Acomayo;0
3/19/20;Anta;0
3/19/20;Calca;0
3/19/20;Canas;0
3/19/20;Canchis;0
3/19/20;Chumbivilcas;0
3/19/20;Cusco;0
3/19/20;Espinar;0
3/19/20;La Convencion;0
3/19/20;Paruro;0
3/19/20;Paucartambo;0
3/19/20;Quispicanchi;0
3/19/20;Urubamba;0
3/20/20;Acomayo;0
3/20/20;Anta;0
3/20/20;Calca;0
3/20/20;Canas;0
3/20/20;Canchis;0
3/20/20;Chumbivilcas;0
3/20/20;Cusco;0
3/20/20;Espinar;0
3/20/20;La Convencion;0
3/20/20;Paruro;0
3/20/20;Paucartambo;0
3/20/20;Quispicanchi;0
3/20/20;Urubamba;0
3/21/20;Acomayo;0
3/21/20;Anta;0
3/21/20;Calca;0
3/21/20;Canas;0
3/21/20;Canchis;0
3/21/20;Chumbivilcas;0
3/21/20;Cusco;0
3/21/20;Espinar;0
3/21/20;La Convencion;0
3/21/20;Paruro;0
3/21/20;Paucartambo;0
3/21/20;Quispicanchi;0
3/21/20;Urubamba;0
3/22/20;Acomayo;0
3/22/20;Anta;0
3/22/20;Calca;0
3/22/20;Canas;0
3/22/20;Canchis;0
3/22/20;Chumbivilcas;0
3/22/20;Cusco;0
3/22/20;Espinar;0
3/22/20;La Convencion;0
3/22/20;Paruro;0
3/22/20;Paucartambo;0
3/22/20;Quispicanchi;0
3/22/20;Urubamba;0
3/23/20;Acomayo;0
3/23/20;Anta;0
3/23/20;Calca;0
3/23/20;Canas;0
3/23/20;Canchis;0
3/23/20;Chumbivilcas;0
3/23/20;Cusco;0
3/23/20;Espinar;0
3/23/20;La Convencion;0
3/23/20;Paruro;0
3/23/20;Paucartambo;0
3/23/20;Quispicanchi;0
3/23/20;Urubamba;0
3/24/20;Acomayo;0
3/24/20;Anta;0
3/24/20;Calca;0
3/24/20;Canas;0
3/24/20;Canchis;0
3/24/20;Chumbivilcas;0
3/24/20;Cusco;1
3/24/20;Espinar;0
3/24/20;La Convencion;0
3/24/20;Paruro;0
3/24/20;Paucartambo;0
3/24/20;Quispicanchi;0
3/24/20;Urubamba;0
3/25/20;Acomayo;0
3/25/20;Anta;0
3/25/20;Calca;0
3/25/20;Canas;0
3/25/20;Canchis;0
3/25/20;Chumbivilcas;0
3/25/20;Cusco;1
3/25/20;Espinar;0
3/25/20;La Convencion;0
3/25/20;Paruro;0
3/25/20;Paucartambo;0
3/25/20;Quispicanchi;0
3/25/20;Urubamba;0
3/26/20;Acomayo;0
3/26/20;Anta;0
3/26/20;Calca;0
3/26/20;Canas;0
3/26/20;Canchis;0
3/26/20;Chumbivilcas;0
3/26/20;Cusco;1
3/26/20;Espinar;0
3/26/20;La Convencion;0
3/26/20;Paruro;0
3/26/20;Paucartambo;0
3/26/20;Quispicanchi;0
3/26/20;Urubamba;0
3/27/20;Acomayo;0
3/27/20;Anta;0
3/27/20;Calca;0
3/27/20;Canas;0
3/27/20;Canchis;0
3/27/20;Chumbivilcas;0
3/27/20;Cusco;2
3/27/20;Espinar;0
3/27/20;La Convencion;0
3/27/20;Paruro;0
3/27/20;Paucartambo;0
3/27/20;Quispicanchi;0
3/27/20;Urubamba;0
3/28/20;Acomayo;0
3/28/20;Anta;0
3/28/20;Calca;0
3/28/20;Canas;0
3/28/20;Canchis;0
3/28/20;Chumbivilcas;0
3/28/20;Cusco;2
3/28/20;Espinar;0
3/28/20;La Convencion;0
3/28/20;Paruro;0
3/28/20;Paucartambo;0
3/28/20;Quispicanchi;0
3/28/20;Urubamba;0
3/29/20;Acomayo;0
3/29/20;Anta;0
3/29/20;Calca;0
3/29/20;Canas;0
3/29/20;Canchis;0
3/29/20;Chumbivilcas;0
3/29/20;Cusco;2
3/29/20;Espinar;0
3/29/20;La Convencion;0
3/29/20;Paruro;0
3/29/20;Paucartambo;0
3/29/20;Quispicanchi;0
3/29/20;Urubamba;0
3/30/20;Acomayo;0
3/30/20;Anta;0
3/30/20;Calca;0
3/30/20;Canas;0
3/30/20;Canchis;0
3/30/20;Chumbivilcas;0
3/30/20;Cusco;2
3/30/20;Espinar;0
3/30/20;La Convencion;0
3/30/20;Paruro;0
3/30/20;Paucartambo;0
3/30/20;Quispicanchi;0
3/30/20;Urubamba;0
3/31/20;Acomayo;0
3/31/20;Anta;0
3/31/20;Calca;0
3/31/20;Canas;0
3/31/20;Canchis;0
3/31/20;Chumbivilcas;0
3/31/20;Cusco;2
3/31/20;Espinar;0
3/31/20;La Convencion;0
3/31/20;Paruro;0
3/31/20;Paucartambo;0
3/31/20;Quispicanchi;0
3/31/20;Urubamba;0
4/1/20;Acomayo;0
4/1/20;Anta;0
4/1/20;Calca;0
4/1/20;Canas;0
4/1/20;Canchis;0
4/1/20;Chumbivilcas;0
4/1/20;Cusco;2
4/1/20;Espinar;0
4/1/20;La Convencion;0
4/1/20;Paruro;0
4/1/20;Paucartambo;0
4/1/20;Quispicanchi;0
4/1/20;Urubamba;0
4/10/20;Acomayo;0
4/10/20;Anta;0
4/10/20;Calca;0
4/10/20;Canas;0
4/10/20;Canchis;0
4/10/20;Chumbivilcas;0
4/10/20;Cusco;3
4/10/20;Espinar;0
4/10/20;La Convencion;0
4/10/20;Paruro;0
4/10/20;Paucartambo;0
4/10/20;Quispicanchi;0
4/10/20;Urubamba;0
4/11/20;Acomayo;0
4/11/20;Anta;0
4/11/20;Calca;0
4/11/20;Canas;0
4/11/20;Canchis;0
4/11/20;Chumbivilcas;0
4/11/20;Cusco;3
4/11/20;Espinar;0
4/11/20;La Convencion;0
4/11/20;Paruro;0
4/11/20;Paucartambo;0
4/11/20;Quispicanchi;0
4/11/20;Urubamba;0
4/12/20;Acomayo;0
4/12/20;Anta;0
4/12/20;Calca;0
4/12/20;Canas;0
4/12/20;Canchis;0
4/12/20;Chumbivilcas;0
4/12/20;Cusco;3
4/12/20;Espinar;0
4/12/20;La Convencion;0
4/12/20;Paruro;0
4/12/20;Paucartambo;0
4/12/20;Quispicanchi;0
4/12/20;Urubamba;0
4/13/20;Acomayo;0
4/13/20;Anta;0
4/13/20;Calca;0
4/13/20;Canas;0
4/13/20;Canchis;0
4/13/20;Chumbivilcas;0
4/13/20;Cusco;3
4/13/20;Espinar;0
4/13/20;La Convencion;0
4/13/20;Paruro;0
4/13/20;Paucartambo;0
4/13/20;Quispicanchi;0
4/13/20;Urubamba;0
4/14/20;Acomayo;0
4/14/20;Anta;0
4/14/20;Calca;0
4/14/20;Canas;0
4/14/20;Canchis;0
4/14/20;Chumbivilcas;0
4/14/20;Cusco;3
4/14/20;Espinar;0
4/14/20;La Convencion;0
4/14/20;Paruro;0
4/14/20;Paucartambo;0
4/14/20;Quispicanchi;0
4/14/20;Urubamba;0
4/15/20;Acomayo;0
4/15/20;Anta;0
4/15/20;Calca;0
4/15/20;Canas;0
4/15/20;Canchis;0
4/15/20;Chumbivilcas;0
4/15/20;Cusco;3
4/15/20;Espinar;0
4/15/20;La Convencion;0
4/15/20;Paruro;0
4/15/20;Paucartambo;0
4/15/20;Quispicanchi;0
4/15/20;Urubamba;0
4/16/20;Acomayo;0
4/16/20;Anta;0
4/16/20;Calca;0
4/16/20;Canas;0
4/16/20;Canchis;0
4/16/20;Chumbivilcas;0
4/16/20;Cusco;3
4/16/20;Espinar;0
4/16/20;La Convencion;0
4/16/20;Paruro;0
4/16/20;Paucartambo;0
4/16/20;Quispicanchi;0
4/16/20;Urubamba;0
4/17/20;Acomayo;0
4/17/20;Anta;0
4/17/20;Calca;0
4/17/20;Canas;0
4/17/20;Canchis;0
4/17/20;Chumbivilcas;0
4/17/20;Cusco;3
4/17/20;Espinar;0
4/17/20;La Convencion;0
4/17/20;Paruro;0
4/17/20;Paucartambo;0
4/17/20;Quispicanchi;0
4/17/20;Urubamba;0
4/18/20;Acomayo;0
4/18/20;Anta;0
4/18/20;Calca;0
4/18/20;Canas;0
4/18/20;Canchis;0
4/18/20;Chumbivilcas;0
4/18/20;Cusco;3
4/18/20;Espinar;0
4/18/20;La Convencion;0
4/18/20;Paruro;0
4/18/20;Paucartambo;0
4/18/20;Quispicanchi;0
4/18/20;Urubamba;0
4/19/20;Acomayo;0
4/19/20;Anta;0
4/19/20;Calca;0
4/19/20;Canas;0
4/19/20;Canchis;0
4/19/20;Chumbivilcas;0
4/19/20;Cusco;3
4/19/20;Espinar;0
4/19/20;La Convencion;0
4/19/20;Paruro;0
4/19/20;Paucartambo;0
4/19/20;Quispicanchi;0
4/19/20;Urubamba;0
4/2/20;Acomayo;0
4/2/20;Anta;0
4/2/20;Calca;0
4/2/20;Canas;0
4/2/20;Canchis;0
4/2/20;Chumbivilcas;0
4/2/20;Cusco;3
4/2/20;Espinar;0
4/2/20;La Convencion;0
4/2/20;Paruro;0
4/2/20;Paucartambo;0
4/2/20;Quispicanchi;0
4/2/20;Urubamba;0
4/20/20;Acomayo;0
4/20/20;Anta;0
4/20/20;Calca;0
4/20/20;Canas;0
4/20/20;Canchis;0
4/20/20;Chumbivilcas;0
4/20/20;Cusco;3
4/20/20;Espinar;0
4/20/20;La Convencion;0
4/20/20;Paruro;0
4/20/20;Paucartambo;0
4/20/20;Quispicanchi;0
4/20/20;Urubamba;0
4/21/20;Acomayo;0
4/21/20;Anta;0
4/21/20;Calca;0
4/21/20;Canas;0
4/21/20;Canchis;0
4/21/20;Chumbivilcas;0
4/21/20;Cusco;3
4/21/20;Espinar;0
4/21/20;La Convencion;0
4/21/20;Paruro;0
4/21/20;Paucartambo;0
4/21/20;Quispicanchi;0
4/21/20;Urubamba;0
4/22/20;Acomayo;0
4/22/20;Anta;0
4/22/20;Calca;0
4/22/20;Canas;0
4/22/20;Canchis;0
4/22/20;Chumbivilcas;0
4/22/20;Cusco;3
4/22/20;Espinar;0
4/22/20;La Convencion;0
4/22/20;Paruro;0
4/22/20;Paucartambo;0
4/22/20;Quispicanchi;0
4/22/20;Urubamba;1
4/23/20;Acomayo;0
4/23/20;Anta;0
4/23/20;Calca;0
4/23/20;Canas;0
4/23/20;Canchis;0
4/23/20;Chumbivilcas;0
4/23/20;Cusco;3
4/23/20;Espinar;0
4/23/20;La Convencion;0
4/23/20;Paruro;0
4/23/20;Paucartambo;0
4/23/20;Quispicanchi;0
4/23/20;Urubamba;1
4/24/20;Acomayo;0
4/24/20;Anta;0
4/24/20;Calca;0
4/24/20;Canas;0
4/24/20;Canchis;0
4/24/20;Chumbivilcas;0
4/24/20;Cusco;3
4/24/20;Espinar;0
4/24/20;La Convencion;0
4/24/20;Paruro;0
4/24/20;Paucartambo;0
4/24/20;Quispicanchi;0
4/24/20;Urubamba;1
4/25/20;Acomayo;0
4/25/20;Anta;0
4/25/20;Calca;0
4/25/20;Canas;0
4/25/20;Canchis;0
4/25/20;Chumbivilcas;0
4/25/20;Cusco;3
4/25/20;Espinar;0
4/25/20;La Convencion;0
4/25/20;Paruro;0
4/25/20;Paucartambo;0
4/25/20;Quispicanchi;0
4/25/20;Urubamba;1
4/26/20;Acomayo;0
4/26/20;Anta;0
4/26/20;Calca;0
4/26/20;Canas;0
4/26/20;Canchis;0
4/26/20;Chumbivilcas;0
4/26/20;Cusco;3
4/26/20;Espinar;0
4/26/20;La Convencion;0
4/26/20;Paruro;0
4/26/20;Paucartambo;0
4/26/20;Quispicanchi;0
4/26/20;Urubamba;1
4/27/20;Acomayo;0
4/27/20;Anta;0
4/27/20;Calca;0
4/27/20;Canas;0
4/27/20;Canchis;0
4/27/20;Chumbivilcas;0
4/27/20;Cusco;3
4/27/20;Espinar;0
4/27/20;La Convencion;0
4/27/20;Paruro;0
4/27/20;Paucartambo;0
4/27/20;Quispicanchi;0
4/27/20;Urubamba;1
4/28/20;Acomayo;0
4/28/20;Anta;0
4/28/20;Calca;0
4/28/20;Canas;0
4/28/20;Canchis;0
4/28/20;Chumbivilcas;0
4/28/20;Cusco;3
4/28/20;Espinar;0
4/28/20;La Convencion;0
4/28/20;Paruro;0
4/28/20;Paucartambo;0
4/28/20;Quispicanchi;0
4/28/20;Urubamba;1
4/29/20;Acomayo;0
4/29/20;Anta;0
4/29/20;Calca;0
4/29/20;Canas;0
4/29/20;Canchis;0
4/29/20;Chumbivilcas;0
4/29/20;Cusco;3
4/29/20;Espinar;0
4/29/20;La Convencion;0
4/29/20;Paruro;0
4/29/20;Paucartambo;0
4/29/20;Quispicanchi;0
4/29/20;Urubamba;1
4/3/20;Acomayo;0
4/3/20;Anta;0
4/3/20;Calca;0
4/3/20;Canas;0
4/3/20;Canchis;0
4/3/20;Chumbivilcas;0
4/3/20;Cusco;3
4/3/20;Espinar;0
4/3/20;La Convencion;0
4/3/20;Paruro;0
4/3/20;Paucartambo;0
4/3/20;Quispicanchi;0
4/3/20;Urubamba;0
4/30/20;Acomayo;0
4/30/20;Anta;0
4/30/20;Calca;0
4/30/20;Canas;0
4/30/20;Canchis;0
4/30/20;Chumbivilcas;0
4/30/20;Cusco;3
4/30/20;Espinar;0
4/30/20;La Convencion;0
4/30/20;Paruro;0
4/30/20;Paucartambo;0
4/30/20;Quispicanchi;0
4/30/20;Urubamba;1
4/4/20;Acomayo;0
4/4/20;Anta;0
4/4/20;Calca;0
4/4/20;Canas;0
4/4/20;Canchis;0
4/4/20;Chumbivilcas;0
4/4/20;Cusco;3
4/4/20;Espinar;0
4/4/20;La Convencion;0
4/4/20;Paruro;0
4/4/20;Paucartambo;0
4/4/20;Quispicanchi;0
4/4/20;Urubamba;0
4/5/20;Acomayo;0
4/5/20;Anta;0
4/5/20;Calca;0
4/5/20;Canas;0
4/5/20;Canchis;0
4/5/20;Chumbivilcas;0
4/5/20;Cusco;3
4/5/20;Espinar;0
4/5/20;La Convencion;0
4/5/20;Paruro;0
4/5/20;Paucartambo;0
4/5/20;Quispicanchi;0
4/5/20;Urubamba;0
4/6/20;Acomayo;0
4/6/20;Anta;0
4/6/20;Calca;0
4/6/20;Canas;0
4/6/20;Canchis;0
4/6/20;Chumbivilcas;0
4/6/20;Cusco;3
4/6/20;Espinar;0
4/6/20;La Convencion;0
4/6/20;Paruro;0
4/6/20;Paucartambo;0
4/6/20;Quispicanchi;0
4/6/20;Urubamba;0
4/7/20;Acomayo;0
4/7/20;Anta;0
4/7/20;Calca;0
4/7/20;Canas;0
4/7/20;Canchis;0
4/7/20;Chumbivilcas;0
4/7/20;Cusco;3
4/7/20;Espinar;0
4/7/20;La Convencion;0
4/7/20;Paruro;0
4/7/20;Paucartambo;0
4/7/20;Quispicanchi;0
4/7/20;Urubamba;0
4/8/20;Acomayo;0
4/8/20;Anta;0
4/8/20;Calca;0
4/8/20;Canas;0
4/8/20;Canchis;0
4/8/20;Chumbivilcas;0
4/8/20;Cusco;3
4/8/20;Espinar;0
4/8/20;La Convencion;0
4/8/20;Paruro;0
4/8/20;Paucartambo;0
4/8/20;Quispicanchi;0
4/8/20;Urubamba;0
4/9/20;Acomayo;0
4/9/20;Anta;0
4/9/20;Calca;0
4/9/20;Canas;0
4/9/20;Canchis;0
4/9/20;Chumbivilcas;0
4/9/20;Cusco;3
4/9/20;Espinar;0
4/9/20;La Convencion;0
4/9/20;Paruro;0
4/9/20;Paucartambo;0
4/9/20;Quispicanchi;0
4/9/20;Urubamba;0
5/1/20;Acomayo;0
5/1/20;Anta;0
5/1/20;Calca;0
5/1/20;Canas;0
5/1/20;Canchis;0
5/1/20;Chumbivilcas;0
5/1/20;Cusco;3
5/1/20;Espinar;0
5/1/20;La Convencion;0
5/1/20;Paruro;0
5/1/20;Paucartambo;0
5/1/20;Quispicanchi;0
5/1/20;Urubamba;1
5/10/20;Acomayo;0
5/10/20;Anta;0
5/10/20;Calca;0
5/10/20;Canas;0
5/10/20;Canchis;0
5/10/20;Chumbivilcas;0
5/10/20;Cusco;5
5/10/20;Espinar;0
5/10/20;La Convencion;0
5/10/20;Paruro;0
5/10/20;Paucartambo;0
5/10/20;Quispicanchi;0
5/10/20;Urubamba;1
5/11/20;Acomayo;0
5/11/20;Anta;0
5/11/20;Calca;0
5/11/20;Canas;0
5/11/20;Canchis;0
5/11/20;Chumbivilcas;0
5/11/20;Cusco;5
5/11/20;Espinar;0
5/11/20;La Convencion;0
5/11/20;Paruro;0
5/11/20;Paucartambo;0
5/11/20;Quispicanchi;0
5/11/20;Urubamba;1
5/12/20;Acomayo;0
5/12/20;Anta;0
5/12/20;Calca;0
5/12/20;Canas;0
5/12/20;Canchis;0
5/12/20;Chumbivilcas;0
5/12/20;Cusco;5
5/12/20;Espinar;0
5/12/20;La Convencion;0
5/12/20;Paruro;0
5/12/20;Paucartambo;0
5/12/20;Quispicanchi;0
5/12/20;Urubamba;1
5/13/20;Acomayo;0
5/13/20;Anta;0
5/13/20;Calca;0
5/13/20;Canas;0
5/13/20;Canchis;0
5/13/20;Chumbivilcas;0
5/13/20;Cusco;6
5/13/20;Espinar;0
5/13/20;La Convencion;0
5/13/20;Paruro;0
5/13/20;Paucartambo;0
5/13/20;Quispicanchi;0
5/13/20;Urubamba;1
5/14/20;Acomayo;0
5/14/20;Anta;0
5/14/20;Calca;0
5/14/20;Canas;0
5/14/20;Canchis;0
5/14/20;Chumbivilcas;0
5/14/20;Cusco;6
5/14/20;Espinar;0
5/14/20;La Convencion;0
5/14/20;Paruro;0
5/14/20;Paucartambo;0
5/14/20;Quispicanchi;0
5/14/20;Urubamba;1
5/15/20;Acomayo;0
5/15/20;Anta;0
5/15/20;Calca;0
5/15/20;Canas;0
5/15/20;Canchis;0
5/15/20;Chumbivilcas;0
5/15/20;Cusco;8
5/15/20;Espinar;0
5/15/20;La Convencion;0
5/15/20;Paruro;0
5/15/20;Paucartambo;0
5/15/20;Quispicanchi;0
5/15/20;Urubamba;1
5/16/20;Acomayo;0
5/16/20;Anta;0
5/16/20;Calca;0
5/16/20;Canas;0
5/16/20;Canchis;0
5/16/20;Chumbivilcas;0
5/16/20;Cusco;8
5/16/20;Espinar;0
5/16/20;La Convencion;0
5/16/20;Paruro;0
5/16/20;Paucartambo;0
5/16/20;Quispicanchi;0
5/16/20;Urubamba;1
5/17/20;Acomayo;0
5/17/20;Anta;0
5/17/20;Calca;0
5/17/20;Canas;0
5/17/20;Canchis;0
5/17/20;Chumbivilcas;0
5/17/20;Cusco;8
5/17/20;Espinar;0
5/17/20;La Convencion;0
5/17/20;Paruro;0
5/17/20;Paucartambo;0
5/17/20;Quispicanchi;0
5/17/20;Urubamba;1
5/18/20;Acomayo;0
5/18/20;Anta;0
5/18/20;Calca;0
5/18/20;Canas;0
5/18/20;Canchis;0
5/18/20;Chumbivilcas;0
5/18/20;Cusco;8
5/18/20;Espinar;0
5/18/20;La Convencion;0
5/18/20;Paruro;0
5/18/20;Paucartambo;0
5/18/20;Quispicanchi;0
5/18/20;Urubamba;1
5/19/20;Acomayo;0
5/19/20;Anta;0
5/19/20;Calca;0
5/19/20;Canas;0
5/19/20;Canchis;0
5/19/20;Chumbivilcas;0
5/19/20;Cusco;9
5/19/20;Espinar;0
5/19/20;La Convencion;0
5/19/20;Paruro;0
5/19/20;Paucartambo;0
5/19/20;Quispicanchi;0
5/19/20;Urubamba;1
5/2/20;Acomayo;0
5/2/20;Anta;0
5/2/20;Calca;0
5/2/20;Canas;0
5/2/20;Canchis;0
5/2/20;Chumbivilcas;0
5/2/20;Cusco;3
5/2/20;Espinar;0
5/2/20;La Convencion;0
5/2/20;Paruro;0
5/2/20;Paucartambo;0
5/2/20;Quispicanchi;0
5/2/20;Urubamba;1
5/20/20;Acomayo;0
5/20/20;Anta;0
5/20/20;Calca;0
5/20/20;Canas;0
5/20/20;Canchis;0
5/20/20;Chumbivilcas;0
5/20/20;Cusco;9
5/20/20;Espinar;0
5/20/20;La Convencion;0
5/20/20;Paruro;0
5/20/20;Paucartambo;0
5/20/20;Quispicanchi;0
5/20/20;Urubamba;1
5/21/20;Acomayo;0
5/21/20;Anta;0
5/21/20;Calca;0
5/21/20;Canas;0
5/21/20;Canchis;0
5/21/20;Chumbivilcas;0
5/21/20;Cusco;9
5/21/20;Espinar;0
5/21/20;La Convencion;0
5/21/20;Paruro;0
5/21/20;Paucartambo;0
5/21/20;Quispicanchi;0
5/21/20;Urubamba;1
5/22/20;Acomayo;0
5/22/20;Anta;0
5/22/20;Calca;0
5/22/20;Canas;0
5/22/20;Canchis;0
5/22/20;Chumbivilcas;0
5/22/20;Cusco;9
5/22/20;Espinar;0
5/22/20;La Convencion;0
5/22/20;Paruro;0
5/22/20;Paucartambo;0
5/22/20;Quispicanchi;0
5/22/20;Urubamba;1
5/23/20;Acomayo;0
5/23/20;Anta;0
5/23/20;Calca;0
5/23/20;Canas;0
5/23/20;Canchis;0
5/23/20;Chumbivilcas;0
5/23/20;Cusco;9
5/23/20;Espinar;0
5/23/20;La Convencion;0
5/23/20;Paruro;0
5/23/20;Paucartambo;0
5/23/20;Quispicanchi;0
5/23/20;Urubamba;1
5/24/20;Acomayo;0
5/24/20;Anta;0
5/24/20;Calca;0
5/24/20;Canas;0
5/24/20;Canchis;0
5/24/20;Chumbivilcas;0
5/24/20;Cusco;10
5/24/20;Espinar;0
5/24/20;La Convencion;0
5/24/20;Paruro;0
5/24/20;Paucartambo;0
5/24/20;Quispicanchi;0
5/24/20;Urubamba;1
5/25/20;Acomayo;0
5/25/20;Anta;0
5/25/20;Calca;0
5/25/20;Canas;0
5/25/20;Canchis;0
5/25/20;Chumbivilcas;0
5/25/20;Cusco;10
5/25/20;Espinar;0
5/25/20;La Convencion;0
5/25/20;Paruro;0
5/25/20;Paucartambo;0
5/25/20;Quispicanchi;0
5/25/20;Urubamba;1
5/26/20;Acomayo;0
5/26/20;Anta;0
5/26/20;Calca;0
5/26/20;Canas;0
5/26/20;Canchis;0
5/26/20;Chumbivilcas;0
5/26/20;Cusco;10
5/26/20;Espinar;0
5/26/20;La Convencion;0
5/26/20;Paruro;0
5/26/20;Paucartambo;0
5/26/20;Quispicanchi;0
5/26/20;Urubamba;1
5/27/20;Acomayo;0
5/27/20;Anta;0
5/27/20;Calca;0
5/27/20;Canas;0
5/27/20;Canchis;0
5/27/20;Chumbivilcas;0
5/27/20;Cusco;10
5/27/20;Espinar;0
5/27/20;La Convencion;0
5/27/20;Paruro;0
5/27/20;Paucartambo;0
5/27/20;Quispicanchi;0
5/27/20;Urubamba;1
5/28/20;Acomayo;0
5/28/20;Anta;0
5/28/20;Calca;0
5/28/20;Canas;0
5/28/20;Canchis;0
5/28/20;Chumbivilcas;0
5/28/20;Cusco;10
5/28/20;Espinar;0
5/28/20;La Convencion;0
5/28/20;Paruro;0
5/28/20;Paucartambo;0
5/28/20;Quispicanchi;0
5/28/20;Urubamba;1
5/29/20;Acomayo;0
5/29/20;Anta;0
5/29/20;Calca;0
5/29/20;Canas;0
5/29/20;Canchis;0
5/29/20;Chumbivilcas;0
5/29/20;Cusco;10
5/29/20;Espinar;0
5/29/20;La Convencion;0
5/29/20;Paruro;0
5/29/20;Paucartambo;0
5/29/20;Quispicanchi;0
5/29/20;Urubamba;1
5/3/20;Acomayo;0
5/3/20;Anta;0
5/3/20;Calca;0
5/3/20;Canas;0
5/3/20;Canchis;0
5/3/20;Chumbivilcas;0
5/3/20;Cusco;3
5/3/20;Espinar;0
5/3/20;La Convencion;0
5/3/20;Paruro;0
5/3/20;Paucartambo;0
5/3/20;Quispicanchi;0
5/3/20;Urubamba;1
5/30/20;Acomayo;0
5/30/20;Anta;0
5/30/20;Calca;0
5/30/20;Canas;0
5/30/20;Canchis;0
5/30/20;Chumbivilcas;0
5/30/20;Cusco;10
5/30/20;Espinar;0
5/30/20;La Convencion;0
5/30/20;Paruro;0
5/30/20;Paucartambo;0
5/30/20;Quispicanchi;0
5/30/20;Urubamba;1
5/31/20;Acomayo;0
5/31/20;Anta;0
5/31/20;Calca;0
5/31/20;Canas;0
5/31/20;Canchis;0
5/31/20;Chumbivilcas;0
5/31/20;Cusco;10
5/31/20;Espinar;0
5/31/20;La Convencion;0
5/31/20;Paruro;0
5/31/20;Paucartambo;0
5/31/20;Quispicanchi;0
5/31/20;Urubamba;1
5/4/20;Acomayo;0
5/4/20;Anta;0
5/4/20;Calca;0
5/4/20;Canas;0
5/4/20;Canchis;0
5/4/20;Chumbivilcas;0
5/4/20;Cusco;3
5/4/20;Espinar;0
5/4/20;La Convencion;0
5/4/20;Paruro;0
5/4/20;Paucartambo;0
5/4/20;Quispicanchi;0
5/4/20;Urubamba;1
5/5/20;Acomayo;0
5/5/20;Anta;0
5/5/20;Calca;0
5/5/20;Canas;0
5/5/20;Canchis;0
5/5/20;Chumbivilcas;0
5/5/20;Cusco;3
5/5/20;Espinar;0
5/5/20;La Convencion;0
5/5/20;Paruro;0
5/5/20;Paucartambo;0
5/5/20;Quispicanchi;0
5/5/20;Urubamba;1
5/6/20;Acomayo;0
5/6/20;Anta;0
5/6/20;Calca;0
5/6/20;Canas;0
5/6/20;Canchis;0
5/6/20;Chumbivilcas;0
5/6/20;Cusco;3
5/6/20;Espinar;0
5/6/20;La Convencion;0
5/6/20;Paruro;0
5/6/20;Paucartambo;0
5/6/20;Quispicanchi;0
5/6/20;Urubamba;1
5/7/20;Acomayo;0
5/7/20;Anta;0
5/7/20;Calca;0
5/7/20;Canas;0
5/7/20;Canchis;0
5/7/20;Chumbivilcas;0
5/7/20;Cusco;4
5/7/20;Espinar;0
5/7/20;La Convencion;0
5/7/20;Paruro;0
5/7/20;Paucartambo;0
5/7/20;Quispicanchi;0
5/7/20;Urubamba;1
5/8/20;Acomayo;0
5/8/20;Anta;0
5/8/20;Calca;0
5/8/20;Canas;0
5/8/20;Canchis;0
5/8/20;Chumbivilcas;0
5/8/20;Cusco;4
5/8/20;Espinar;0
5/8/20;La Convencion;0
5/8/20;Paruro;0
5/8/20;Paucartambo;0
5/8/20;Quispicanchi;0
5/8/20;Urubamba;1
5/9/20;Acomayo;0
5/9/20;Anta;0
5/9/20;Calca;0
5/9/20;Canas;0
5/9/20;Canchis;0
5/9/20;Chumbivilcas;0
5/9/20;Cusco;4
5/9/20;Espinar;0
5/9/20;La Convencion;0
5/9/20;Paruro;0
5/9/20;Paucartambo;0
5/9/20;Quispicanchi;0
5/9/20;Urubamba;1
6/1/20;Acomayo;0
6/1/20;Anta;0
6/1/20;Calca;0
6/1/20;Canas;0
6/1/20;Canchis;0
6/1/20;Chumbivilcas;0
6/1/20;Cusco;10
6/1/20;Espinar;0
6/1/20;La Convencion;0
6/1/20;Paruro;0
6/1/20;Paucartambo;0
6/1/20;Quispicanchi;0
6/1/20;Urubamba;1
6/10/20;Acomayo;0
6/10/20;Anta;0
6/10/20;Calca;0
6/10/20;Canas;0
6/10/20;Canchis;0
6/10/20;Chumbivilcas;0
6/10/20;Cusco;15
6/10/20;Espinar;0
6/10/20;La Convencion;2
6/10/20;Paruro;0
6/10/20;Paucartambo;0
6/10/20;Quispicanchi;0
6/10/20;Urubamba;1
6/11/20;Acomayo;0
6/11/20;Anta;0
6/11/20;Calca;0
6/11/20;Canas;0
6/11/20;Canchis;0
6/11/20;Chumbivilcas;0
6/11/20;Cusco;16
6/11/20;Espinar;0
6/11/20;La Convencion;2
6/11/20;Paruro;0
6/11/20;Paucartambo;0
6/11/20;Quispicanchi;0
6/11/20;Urubamba;1
6/12/20;Acomayo;0
6/12/20;Anta;0
6/12/20;Calca;0
6/12/20;Canas;0
6/12/20;Canchis;0
6/12/20;Chumbivilcas;0
6/12/20;Cusco;17
6/12/20;Espinar;0
6/12/20;La Convencion;2
6/12/20;Paruro;0
6/12/20;Paucartambo;0
6/12/20;Quispicanchi;0
6/12/20;Urubamba;1
6/13/20;Acomayo;0
6/13/20;Anta;0
6/13/20;Calca;0
6/13/20;Canas;0
6/13/20;Canchis;0
6/13/20;Chumbivilcas;0
6/13/20;Cusco;19
6/13/20;Espinar;0
6/13/20;La Convencion;2
6/13/20;Paruro;0
6/13/20;Paucartambo;0
6/13/20;Quispicanchi;0
6/13/20;Urubamba;1
6/14/20;Acomayo;0
6/14/20;Anta;0
6/14/20;Calca;0
6/14/20;Canas;0
6/14/20;Canchis;0
6/14/20;Chumbivilcas;0
6/14/20;Cusco;19
6/14/20;Espinar;0
6/14/20;La Convencion;2
6/14/20;Paruro;0
6/14/20;Paucartambo;0
6/14/20;Quispicanchi;0
6/14/20;Urubamba;1
6/15/20;Acomayo;0
6/15/20;Anta;0
6/15/20;Calca;0
6/15/20;Canas;0
6/15/20;Canchis;0
6/15/20;Chumbivilcas;0
6/15/20;Cusco;21
6/15/20;Espinar;0
6/15/20;La Convencion;2
6/15/20;Paruro;0
6/15/20;Paucartambo;0
6/15/20;Quispicanchi;0
6/15/20;Urubamba;1
6/16/20;Acomayo;0
6/16/20;Anta;0
6/16/20;Calca;0
6/16/20;Canas;0
6/16/20;Canchis;0
6/16/20;Chumbivilcas;0
6/16/20;Cusco;22
6/16/20;Espinar;0
6/16/20;La Convencion;2
6/16/20;Paruro;0
6/16/20;Paucartambo;0
6/16/20;Quispicanchi;0
6/16/20;Urubamba;1
6/17/20;Acomayo;0
6/17/20;Anta;0
6/17/20;Calca;0
6/17/20;Canas;0
6/17/20;Canchis;0
6/17/20;Chumbivilcas;0
6/17/20;Cusco;26
6/17/20;Espinar;0
6/17/20;La Convencion;2
6/17/20;Paruro;0
6/17/20;Paucartambo;0
6/17/20;Quispicanchi;0
6/17/20;Urubamba;1
6/18/20;Acomayo;0
6/18/20;Anta;0
6/18/20;Calca;0
6/18/20;Canas;0
6/18/20;Canchis;0
6/18/20;Chumbivilcas;0
6/18/20;Cusco;26
6/18/20;Espinar;0
6/18/20;La Convencion;2
6/18/20;Paruro;0
6/18/20;Paucartambo;0
6/18/20;Quispicanchi;0
6/18/20;Urubamba;1
6/19/20;Acomayo;0
6/19/20;Anta;0
6/19/20;Calca;0
6/19/20;Canas;0
6/19/20;Canchis;0
6/19/20;Chumbivilcas;0
6/19/20;Cusco;27
6/19/20;Espinar;1
6/19/20;La Convencion;2
6/19/20;Paruro;0
6/19/20;Paucartambo;0
6/19/20;Quispicanchi;0
6/19/20;Urubamba;1
6/2/20;Acomayo;0
6/2/20;Anta;0
6/2/20;Calca;0
6/2/20;Canas;0
6/2/20;Canchis;0
6/2/20;Chumbivilcas;0
6/2/20;Cusco;10
6/2/20;Espinar;0
6/2/20;La Convencion;0
6/2/20;Paruro;0
6/2/20;Paucartambo;0
6/2/20;Quispicanchi;0
6/2/20;Urubamba;1
6/20/20;Acomayo;0
6/20/20;Anta;0
6/20/20;Calca;0
6/20/20;Canas;0
6/20/20;Canchis;0
6/20/20;Chumbivilcas;0
6/20/20;Cusco;27
6/20/20;Espinar;1
6/20/20;La Convencion;2
6/20/20;Paruro;0
6/20/20;Paucartambo;0
6/20/20;Quispicanchi;0
6/20/20;Urubamba;1
6/21/20;Acomayo;0
6/21/20;Anta;0
6/21/20;Calca;0
6/21/20;Canas;0
6/21/20;Canchis;0
6/21/20;Chumbivilcas;0
6/21/20;Cusco;27
6/21/20;Espinar;1
6/21/20;La Convencion;2
6/21/20;Paruro;0
6/21/20;Paucartambo;0
6/21/20;Quispicanchi;0
6/21/20;Urubamba;1
6/22/20;Acomayo;0
6/22/20;Anta;0
6/22/20;Calca;0
6/22/20;Canas;0
6/22/20;Canchis;0
6/22/20;Chumbivilcas;0
6/22/20;Cusco;27
6/22/20;Espinar;1
6/22/20;La Convencion;2
6/22/20;Paruro;0
6/22/20;Paucartambo;0
6/22/20;Quispicanchi;0
6/22/20;Urubamba;1
6/23/20;Acomayo;0
6/23/20;Anta;0
6/23/20;Calca;0
6/23/20;Canas;0
6/23/20;Canchis;0
6/23/20;Chumbivilcas;0
6/23/20;Cusco;27
6/23/20;Espinar;1
6/23/20;La Convencion;2
6/23/20;Paruro;0
6/23/20;Paucartambo;0
6/23/20;Quispicanchi;0
6/23/20;Urubamba;1
6/24/20;Acomayo;0
6/24/20;Anta;0
6/24/20;Calca;0
6/24/20;Canas;0
6/24/20;Canchis;0
6/24/20;Chumbivilcas;0
6/24/20;Cusco;27
6/24/20;Espinar;1
6/24/20;La Convencion;2
6/24/20;Paruro;0
6/24/20;Paucartambo;0
6/24/20;Quispicanchi;0
6/24/20;Urubamba;1
6/25/20;Acomayo;0
6/25/20;Anta;0
6/25/20;Calca;0
6/25/20;Canas;0
6/25/20;Canchis;0
6/25/20;Chumbivilcas;0
6/25/20;Cusco;29
6/25/20;Espinar;1
6/25/20;La Convencion;3
6/25/20;Paruro;0
6/25/20;Paucartambo;0
6/25/20;Quispicanchi;0
6/25/20;Urubamba;1
6/26/20;Acomayo;0
6/26/20;Anta;0
6/26/20;Calca;0
6/26/20;Canas;0
6/26/20;Canchis;0
6/26/20;Chumbivilcas;0
6/26/20;Cusco;30
6/26/20;Espinar;1
6/26/20;La Convencion;3
6/26/20;Paruro;0
6/26/20;Paucartambo;0
6/26/20;Quispicanchi;0
6/26/20;Urubamba;1
6/27/20;Acomayo;0
6/27/20;Anta;0
6/27/20;Calca;0
6/27/20;Canas;0
6/27/20;Canchis;0
6/27/20;Chumbivilcas;0
6/27/20;Cusco;30
6/27/20;Espinar;1
6/27/20;La Convencion;3
6/27/20;Paruro;0
6/27/20;Paucartambo;0
6/27/20;Quispicanchi;0
6/27/20;Urubamba;1
6/28/20;Acomayo;0
6/28/20;Anta;0
6/28/20;Calca;0
6/28/20;Canas;0
6/28/20;Canchis;0
6/28/20;Chumbivilcas;0
6/28/20;Cusco;33
6/28/20;Espinar;1
6/28/20;La Convencion;3
6/28/20;Paruro;0
6/28/20;Paucartambo;0
6/28/20;Quispicanchi;0
6/28/20;Urubamba;1
6/29/20;Acomayo;0
6/29/20;Anta;0
6/29/20;Calca;0
6/29/20;Canas;0
6/29/20;Canchis;0
6/29/20;Chumbivilcas;0
6/29/20;Cusco;33
6/29/20;Espinar;1
6/29/20;La Convencion;3
6/29/20;Paruro;0
6/29/20;Paucartambo;0
6/29/20;Quispicanchi;0
6/29/20;Urubamba;1
6/3/20;Acomayo;0
6/3/20;Anta;0
6/3/20;Calca;0
6/3/20;Canas;0
6/3/20;Canchis;0
6/3/20;Chumbivilcas;0
6/3/20;Cusco;12
6/3/20;Espinar;0
6/3/20;La Convencion;0
6/3/20;Paruro;0
6/3/20;Paucartambo;0
6/3/20;Quispicanchi;0
6/3/20;Urubamba;1
6/30/20;Acomayo;0
6/30/20;Anta;0
6/30/20;Calca;0
6/30/20;Canas;0
6/30/20;Canchis;0
6/30/20;Chumbivilcas;0
6/30/20;Cusco;34
6/30/20;Espinar;1
6/30/20;La Convencion;3
6/30/20;Paruro;0
6/30/20;Paucartambo;0
6/30/20;Quispicanchi;0
6/30/20;Urubamba;1
6/4/20;Acomayo;0
6/4/20;Anta;0
6/4/20;Calca;0
6/4/20;Canas;0
6/4/20;Canchis;0
6/4/20;Chumbivilcas;0
6/4/20;Cusco;13
6/4/20;Espinar;0
6/4/20;La Convencion;1
6/4/20;Paruro;0
6/4/20;Paucartambo;0
6/4/20;Quispicanchi;0
6/4/20;Urubamba;1
6/5/20;Acomayo;0
6/5/20;Anta;0
6/5/20;Calca;0
6/5/20;Canas;0
6/5/20;Canchis;0
6/5/20;Chumbivilcas;0
6/5/20;Cusco;14
6/5/20;Espinar;0
6/5/20;La Convencion;1
6/5/20;Paruro;0
6/5/20;Paucartambo;0
6/5/20;Quispicanchi;0
6/5/20;Urubamba;1
6/6/20;Acomayo;0
6/6/20;Anta;0
6/6/20;Calca;0
6/6/20;Canas;0
6/6/20;Canchis;0
6/6/20;Chumbivilcas;0
6/6/20;Cusco;14
6/6/20;Espinar;0
6/6/20;La Convencion;1
6/6/20;Paruro;0
6/6/20;Paucartambo;0
6/6/20;Quispicanchi;0
6/6/20;Urubamba;1
6/7/20;Acomayo;0
6/7/20;Anta;0
6/7/20;Calca;0
6/7/20;Canas;0
6/7/20;Canchis;0
6/7/20;Chumbivilcas;0
6/7/20;Cusco;15
6/7/20;Espinar;0
6/7/20;La Convencion;1
6/7/20;Paruro;0
6/7/20;Paucartambo;0
6/7/20;Quispicanchi;0
6/7/20;Urubamba;1
6/8/20;Acomayo;0
6/8/20;Anta;0
6/8/20;Calca;0
6/8/20;Canas;0
6/8/20;Canchis;0
6/8/20;Chumbivilcas;0
6/8/20;Cusco;15
6/8/20;Espinar;0
6/8/20;La Convencion;1
6/8/20;Paruro;0
6/8/20;Paucartambo;0
6/8/20;Quispicanchi;0
6/8/20;Urubamba;1
6/9/20;Acomayo;0
6/9/20;Anta;0
6/9/20;Calca;0
6/9/20;Canas;0
6/9/20;Canchis;0
6/9/20;Chumbivilcas;0
6/9/20;Cusco;15
6/9/20;Espinar;0
6/9/20;La Convencion;2
6/9/20;Paruro;0
6/9/20;Paucartambo;0
6/9/20;Quispicanchi;0
6/9/20;Urubamba;1
7/1/20;Acomayo;0
7/1/20;Anta;0
7/1/20;Calca;0
7/1/20;Canas;0
7/1/20;Canchis;0
7/1/20;Chumbivilcas;0
7/1/20;Cusco;36
7/1/20;Espinar;1
7/1/20;La Convencion;3
7/1/20;Paruro;0
7/1/20;Paucartambo;0
7/1/20;Quispicanchi;1
7/1/20;Urubamba;1
7/10/20;Acomayo;0
7/10/20;Anta;0
7/10/20;Calca;1
7/10/20;Canas;0
7/10/20;Canchis;0
7/10/20;Chumbivilcas;0
7/10/20;Cusco;55
7/10/20;Espinar;1
7/10/20;La Convencion;3
7/10/20;Paruro;0
7/10/20;Paucartambo;0
7/10/20;Quispicanchi;1
7/10/20;Urubamba;1
7/11/20;Acomayo;0
7/11/20;Anta;0
7/11/20;Calca;1
7/11/20;Canas;0
7/11/20;Canchis;0
7/11/20;Chumbivilcas;0
7/11/20;Cusco;60
7/11/20;Espinar;1
7/11/20;La Convencion;3
7/11/20;Paruro;0
7/11/20;Paucartambo;0
7/11/20;Quispicanchi;1
7/11/20;Urubamba;1
7/12/20;Acomayo;0
7/12/20;Anta;0
7/12/20;Calca;1
7/12/20;Canas;0
7/12/20;Canchis;0
7/12/20;Chumbivilcas;0
7/12/20;Cusco;64
7/12/20;Espinar;1
7/12/20;La Convencion;3
7/12/20;Paruro;0
7/12/20;Paucartambo;0
7/12/20;Quispicanchi;1
7/12/20;Urubamba;2
7/13/20;Acomayo;0
7/13/20;Anta;0
7/13/20;Calca;1
7/13/20;Canas;0
7/13/20;Canchis;0
7/13/20;Chumbivilcas;0
7/13/20;Cusco;65
7/13/20;Espinar;1
7/13/20;La Convencion;3
7/13/20;Paruro;0
7/13/20;Paucartambo;0
7/13/20;Quispicanchi;1
7/13/20;Urubamba;2
7/14/20;Acomayo;0
7/14/20;Anta;0
7/14/20;Calca;1
7/14/20;Canas;0
7/14/20;Canchis;0
7/14/20;Chumbivilcas;0
7/14/20;Cusco;68
7/14/20;Espinar;1
7/14/20;La Convencion;3
7/14/20;Paruro;0
7/14/20;Paucartambo;0
7/14/20;Quispicanchi;1
7/14/20;Urubamba;2
7/15/20;Acomayo;0
7/15/20;Anta;0
7/15/20;Calca;1
7/15/20;Canas;0
7/15/20;Canchis;0
7/15/20;Chumbivilcas;0
7/15/20;Cusco;72
7/15/20;Espinar;1
7/15/20;La Convencion;3
7/15/20;Paruro;0
7/15/20;Paucartambo;0
7/15/20;Quispicanchi;1
7/15/20;Urubamba;2
7/16/20;Acomayo;0
7/16/20;Anta;0
7/16/20;Calca;1
7/16/20;Canas;0
7/16/20;Canchis;0
7/16/20;Chumbivilcas;0
7/16/20;Cusco;77
7/16/20;Espinar;1
7/16/20;La Convencion;4
7/16/20;Paruro;0
7/16/20;Paucartambo;0
7/16/20;Quispicanchi;1
7/16/20;Urubamba;2
7/17/20;Acomayo;0
7/17/20;Anta;0
7/17/20;Calca;1
7/17/20;Canas;0
7/17/20;Canchis;0
7/17/20;Chumbivilcas;0
7/17/20;Cusco;81
7/17/20;Espinar;1
7/17/20;La Convencion;5
7/17/20;Paruro;0
7/17/20;Paucartambo;0
7/17/20;Quispicanchi;1
7/17/20;Urubamba;2
7/18/20;Acomayo;0
7/18/20;Anta;0
7/18/20;Calca;1
7/18/20;Canas;0
7/18/20;Canchis;0
7/18/20;Chumbivilcas;0
7/18/20;Cusco;87
7/18/20;Espinar;1
7/18/20;La Convencion;5
7/18/20;Paruro;0
7/18/20;Paucartambo;0
7/18/20;Quispicanchi;1
7/18/20;Urubamba;2
7/19/20;Acomayo;0
7/19/20;Anta;0
7/19/20;Calca;1
7/19/20;Canas;1
7/19/20;Canchis;0
7/19/20;Chumbivilcas;0
7/19/20;Cusco;90
7/19/20;Espinar;1
7/19/20;La Convencion;5
7/19/20;Paruro;0
7/19/20;Paucartambo;0
7/19/20;Quispicanchi;1
7/19/20;Urubamba;2
7/2/20;Acomayo;0
7/2/20;Anta;0
7/2/20;Calca;0
7/2/20;Canas;0
7/2/20;Canchis;0
7/2/20;Chumbivilcas;0
7/2/20;Cusco;39
7/2/20;Espinar;1
7/2/20;La Convencion;3
7/2/20;Paruro;0
7/2/20;Paucartambo;0
7/2/20;Quispicanchi;1
7/2/20;Urubamba;1
7/20/20;Acomayo;0
7/20/20;Anta;0
7/20/20;Calca;1
7/20/20;Canas;1
7/20/20;Canchis;0
7/20/20;Chumbivilcas;0
7/20/20;Cusco;97
7/20/20;Espinar;1
7/20/20;La Convencion;5
7/20/20;Paruro;0
7/20/20;Paucartambo;0
7/20/20;Quispicanchi;1
7/20/20;Urubamba;2
7/21/20;Acomayo;0
7/21/20;Anta;0
7/21/20;Calca;1
7/21/20;Canas;1
7/21/20;Canchis;0
7/21/20;Chumbivilcas;0
7/21/20;Cusco;101
7/21/20;Espinar;1
7/21/20;La Convencion;5
7/21/20;Paruro;0
7/21/20;Paucartambo;0
7/21/20;Quispicanchi;1
7/21/20;Urubamba;2
7/22/20;Acomayo;0
7/22/20;Anta;0
7/22/20;Calca;1
7/22/20;Canas;1
7/22/20;Canchis;0
7/22/20;Chumbivilcas;0
7/22/20;Cusco;117
7/22/20;Espinar;1
7/22/20;La Convencion;6
7/22/20;Paruro;0
7/22/20;Paucartambo;0
7/22/20;Quispicanchi;1
7/22/20;Urubamba;3
7/23/20;Acomayo;0
7/23/20;Anta;0
7/23/20;Calca;1
7/23/20;Canas;1
7/23/20;Canchis;0
7/23/20;Chumbivilcas;0
7/23/20;Cusco;125
7/23/20;Espinar;1
7/23/20;La Convencion;6
7/23/20;Paruro;0
7/23/20;Paucartambo;0
7/23/20;Quispicanchi;2
7/23/20;Urubamba;3
7/24/20;Acomayo;0
7/24/20;Anta;0
7/24/20;Calca;1
7/24/20;Canas;1
7/24/20;Canchis;0
7/24/20;Chumbivilcas;0
7/24/20;Cusco;131
7/24/20;Espinar;1
7/24/20;La Convencion;6
7/24/20;Paruro;0
7/24/20;Paucartambo;0
7/24/20;Quispicanchi;2
7/24/20;Urubamba;3
7/25/20;Acomayo;0
7/25/20;Anta;0
7/25/20;Calca;1
7/25/20;Canas;1
7/25/20;Canchis;0
7/25/20;Chumbivilcas;0
7/25/20;Cusco;143
7/25/20;Espinar;1
7/25/20;La Convencion;6
7/25/20;Paruro;0
7/25/20;Paucartambo;0
7/25/20;Quispicanchi;2
7/25/20;Urubamba;3
7/26/20;Acomayo;0
7/26/20;Anta;0
7/26/20;Calca;1
7/26/20;Canas;1
7/26/20;Canchis;0
7/26/20;Chumbivilcas;0
7/26/20;Cusco;152
7/26/20;Espinar;1
7/26/20;La Convencion;6
7/26/20;Paruro;0
7/26/20;Paucartambo;0
7/26/20;Quispicanchi;2
7/26/20;Urubamba;3
7/27/20;Acomayo;0
7/27/20;Anta;0
7/27/20;Calca;1
7/27/20;Canas;1
7/27/20;Canchis;0
7/27/20;Chumbivilcas;0
7/27/20;Cusco;169
7/27/20;Espinar;1
7/27/20;La Convencion;6
7/27/20;Paruro;0
7/27/20;Paucartambo;0
7/27/20;Quispicanchi;2
7/27/20;Urubamba;3
7/28/20;Acomayo;0
7/28/20;Anta;0
7/28/20;Calca;1
7/28/20;Canas;1
7/28/20;Canchis;0
7/28/20;Chumbivilcas;0
7/28/20;Cusco;192
7/28/20;Espinar;1
7/28/20;La Convencion;6
7/28/20;Paruro;0
7/28/20;Paucartambo;0
7/28/20;Quispicanchi;2
7/28/20;Urubamba;3
7/29/20;Acomayo;0
7/29/20;Anta;0
7/29/20;Calca;1
7/29/20;Canas;1
7/29/20;Canchis;0
7/29/20;Chumbivilcas;0
7/29/20;Cusco;204
7/29/20;Espinar;1
7/29/20;La Convencion;6
7/29/20;Paruro;0
7/29/20;Paucartambo;0
7/29/20;Quispicanchi;2
7/29/20;Urubamba;3
7/3/20;Acomayo;0
7/3/20;Anta;0
7/3/20;Calca;0
7/3/20;Canas;0
7/3/20;Canchis;0
7/3/20;Chumbivilcas;0
7/3/20;Cusco;41
7/3/20;Espinar;1
7/3/20;La Convencion;3
7/3/20;Paruro;0
7/3/20;Paucartambo;0
7/3/20;Quispicanchi;1
7/3/20;Urubamba;1
7/30/20;Acomayo;1
7/30/20;Anta;0
7/30/20;Calca;1
7/30/20;Canas;1
7/30/20;Canchis;0
7/30/20;Chumbivilcas;0
7/30/20;Cusco;226
7/30/20;Espinar;1
7/30/20;La Convencion;6
7/30/20;Paruro;0
7/30/20;Paucartambo;0
7/30/20;Quispicanchi;2
7/30/20;Urubamba;3
7/31/20;Acomayo;1
7/31/20;Anta;0
7/31/20;Calca;1
7/31/20;Canas;1
7/31/20;Canchis;0
7/31/20;Chumbivilcas;1
7/31/20;Cusco;256
7/31/20;Espinar;1
7/31/20;La Convencion;6
7/31/20;Paruro;0
7/31/20;Paucartambo;0
7/31/20;Quispicanchi;2
7/31/20;Urubamba;5
7/4/20;Acomayo;0
7/4/20;Anta;0
7/4/20;Calca;0
7/4/20;Canas;0
7/4/20;Canchis;0
7/4/20;Chumbivilcas;0
7/4/20;Cusco;42
7/4/20;Espinar;1
7/4/20;La Convencion;3
7/4/20;Paruro;0
7/4/20;Paucartambo;0
7/4/20;Quispicanchi;1
7/4/20;Urubamba;1
7/5/20;Acomayo;0
7/5/20;Anta;0
7/5/20;Calca;0
7/5/20;Canas;0
7/5/20;Canchis;0
7/5/20;Chumbivilcas;0
7/5/20;Cusco;44
7/5/20;Espinar;1
7/5/20;La Convencion;3
7/5/20;Paruro;0
7/5/20;Paucartambo;0
7/5/20;Quispicanchi;1
7/5/20;Urubamba;1
7/6/20;Acomayo;0
7/6/20;Anta;0
7/6/20;Calca;0
7/6/20;Canas;0
7/6/20;Canchis;0
7/6/20;Chumbivilcas;0
7/6/20;Cusco;44
7/6/20;Espinar;1
7/6/20;La Convencion;3
7/6/20;Paruro;0
7/6/20;Paucartambo;0
7/6/20;Quispicanchi;1
7/6/20;Urubamba;1
7/7/20;Acomayo;0
7/7/20;Anta;0
7/7/20;Calca;0
7/7/20;Canas;0
7/7/20;Canchis;0
7/7/20;Chumbivilcas;0
7/7/20;Cusco;45
7/7/20;Espinar;1
7/7/20;La Convencion;3
7/7/20;Paruro;0
7/7/20;Paucartambo;0
7/7/20;Quispicanchi;1
7/7/20;Urubamba;1
7/8/20;Acomayo;0
7/8/20;Anta;0
7/8/20;Calca;0
7/8/20;Canas;0
7/8/20;Canchis;0
7/8/20;Chumbivilcas;0
7/8/20;Cusco;47
7/8/20;Espinar;1
7/8/20;La Convencion;3
7/8/20;Paruro;0
7/8/20;Paucartambo;0
7/8/20;Quispicanchi;1
7/8/20;Urubamba;1
7/9/20;Acomayo;0
7/9/20;Anta;0
7/9/20;Calca;0
7/9/20;Canas;0
7/9/20;Canchis;0
7/9/20;Chumbivilcas;0
7/9/20;Cusco;50
7/9/20;Espinar;1
7/9/20;La Convencion;3
7/9/20;Paruro;0
7/9/20;Paucartambo;0
7/9/20;Quispicanchi;1
7/9/20;Urubamba;1
8/1/20;Acomayo;1
8/1/20;Anta;0
8/1/20;Calca;1
8/1/20;Canas;1
8/1/20;Canchis;1
8/1/20;Chumbivilcas;1
8/1/20;Cusco;283
8/1/20;Espinar;1
8/1/20;La Convencion;6
8/1/20;Paruro;0
8/1/20;Paucartambo;0
8/1/20;Quispicanchi;2
8/1/20;Urubamba;5
8/10/20;Acomayo;1
8/10/20;Anta;4
8/10/20;Calca;2
8/10/20;Canas;1
8/10/20;Canchis;5
8/10/20;Chumbivilcas;1
8/10/20;Cusco;455
8/10/20;Espinar;4
8/10/20;La Convencion;12
8/10/20;Paruro;0
8/10/20;Paucartambo;0
8/10/20;Quispicanchi;3
8/10/20;Urubamba;9
8/11/20;Acomayo;1
8/11/20;Anta;4
8/11/20;Calca;2
8/11/20;Canas;1
8/11/20;Canchis;8
8/11/20;Chumbivilcas;1
8/11/20;Cusco;474
8/11/20;Espinar;4
8/11/20;La Convencion;13
8/11/20;Paruro;0
8/11/20;Paucartambo;0
8/11/20;Quispicanchi;3
8/11/20;Urubamba;9
8/12/20;Acomayo;1
8/12/20;Anta;4
8/12/20;Calca;2
8/12/20;Canas;1
8/12/20;Canchis;10
8/12/20;Chumbivilcas;1
8/12/20;Cusco;487
8/12/20;Espinar;4
8/12/20;La Convencion;16
8/12/20;Paruro;2
8/12/20;Paucartambo;0
8/12/20;Quispicanchi;3
8/12/20;Urubamba;9
8/13/20;Acomayo;1
8/13/20;Anta;4
8/13/20;Calca;2
8/13/20;Canas;1
8/13/20;Canchis;12
8/13/20;Chumbivilcas;1
8/13/20;Cusco;508
8/13/20;Espinar;5
8/13/20;La Convencion;21
8/13/20;Paruro;2
8/13/20;Paucartambo;0
8/13/20;Quispicanchi;3
8/13/20;Urubamba;9
8/14/20;Acomayo;1
8/14/20;Anta;4
8/14/20;Calca;3
8/14/20;Canas;1
8/14/20;Canchis;13
8/14/20;Chumbivilcas;1
8/14/20;Cusco;532
8/14/20;Espinar;7
8/14/20;La Convencion;21
8/14/20;Paruro;3
8/14/20;Paucartambo;0
8/14/20;Quispicanchi;3
8/14/20;Urubamba;9
8/15/20;Acomayo;1
8/15/20;Anta;6
8/15/20;Calca;3
8/15/20;Canas;1
8/15/20;Canchis;14
8/15/20;Chumbivilcas;1
8/15/20;Cusco;555
8/15/20;Espinar;8
8/15/20;La Convencion;23
8/15/20;Paruro;3
8/15/20;Paucartambo;0
8/15/20;Quispicanchi;4
8/15/20;Urubamba;9
8/16/20;Acomayo;1
8/16/20;Anta;6
8/16/20;Calca;3
8/16/20;Canas;1
8/16/20;Canchis;17
8/16/20;Chumbivilcas;1
8/16/20;Cusco;580
8/16/20;Espinar;8
8/16/20;La Convencion;23
8/16/20;Paruro;4
8/16/20;Paucartambo;0
8/16/20;Quispicanchi;6
8/16/20;Urubamba;9
8/17/20;Acomayo;1
8/17/20;Anta;6
8/17/20;Calca;3
8/17/20;Canas;1
8/17/20;Canchis;18
8/17/20;Chumbivilcas;1
8/17/20;Cusco;605
8/17/20;Espinar;9
8/17/20;La Convencion;23
8/17/20;Paruro;4
8/17/20;Paucartambo;0
8/17/20;Quispicanchi;6
8/17/20;Urubamba;9
8/18/20;Acomayo;1
8/18/20;Anta;7
8/18/20;Calca;3
8/18/20;Canas;2
8/18/20;Canchis;18
8/18/20;Chumbivilcas;1
8/18/20;Cusco;624
8/18/20;Espinar;10
8/18/20;La Convencion;25
8/18/20;Paruro;4
8/18/20;Paucartambo;0
8/18/20;Quispicanchi;6
8/18/20;Urubamba;10
8/19/20;Acomayo;1
8/19/20;Anta;8
8/19/20;Calca;3
8/19/20;Canas;2
8/19/20;Canchis;19
8/19/20;Chumbivilcas;2
8/19/20;Cusco;646
8/19/20;Espinar;10
8/19/20;La Convencion;26
8/19/20;Paruro;4
8/19/20;Paucartambo;0
8/19/20;Quispicanchi;7
8/19/20;Urubamba;10
8/2/20;Acomayo;1
8/2/20;Anta;0
8/2/20;Calca;2
8/2/20;Canas;1
8/2/20;Canchis;1
8/2/20;Chumbivilcas;1
8/2/20;Cusco;303
8/2/20;Espinar;1
8/2/20;La Convencion;7
8/2/20;Paruro;0
8/2/20;Paucartambo;0
8/2/20;Quispicanchi;2
8/2/20;Urubamba;5
8/20/20;Acomayo;1
8/20/20;Anta;8
8/20/20;Calca;3
8/20/20;Canas;2
8/20/20;Canchis;20
8/20/20;Chumbivilcas;3
8/20/20;Cusco;673
8/20/20;Espinar;10
8/20/20;La Convencion;26
8/20/20;Paruro;4
8/20/20;Paucartambo;0
8/20/20;Quispicanchi;7
8/20/20;Urubamba;10
8/21/20;Acomayo;1
8/21/20;Anta;8
8/21/20;Calca;3
8/21/20;Canas;2
8/21/20;Canchis;22
8/21/20;Chumbivilcas;3
8/21/20;Cusco;695
8/21/20;Espinar;10
8/21/20;La Convencion;26
8/21/20;Paruro;4
8/21/20;Paucartambo;0
8/21/20;Quispicanchi;8
8/21/20;Urubamba;11
8/22/20;Acomayo;1
8/22/20;Anta;8
8/22/20;Calca;3
8/22/20;Canas;2
8/22/20;Canchis;25
8/22/20;Chumbivilcas;3
8/22/20;Cusco;710
8/22/20;Espinar;10
8/22/20;La Convencion;27
8/22/20;Paruro;4
8/22/20;Paucartambo;0
8/22/20;Quispicanchi;8
8/22/20;Urubamba;11
8/23/20;Acomayo;1
8/23/20;Anta;8
8/23/20;Calca;3
8/23/20;Canas;2
8/23/20;Canchis;25
8/23/20;Chumbivilcas;3
8/23/20;Cusco;724
8/23/20;Espinar;10
8/23/20;La Convencion;27
8/23/20;Paruro;4
8/23/20;Paucartambo;0
8/23/20;Quispicanchi;9
8/23/20;Urubamba;11
8/24/20;Acomayo;1
8/24/20;Anta;9
8/24/20;Calca;3
8/24/20;Canas;2
8/24/20;Canchis;27
8/24/20;Chumbivilcas;3
8/24/20;Cusco;735
8/24/20;Espinar;10
8/24/20;La Convencion;27
8/24/20;Paruro;4
8/24/20;Paucartambo;0
8/24/20;Quispicanchi;10
8/24/20;Urubamba;11
8/25/20;Acomayo;1
8/25/20;Anta;10
8/25/20;Calca;3
8/25/20;Canas;2
8/25/20;Canchis;28
8/25/20;Chumbivilcas;3
8/25/20;Cusco;749
8/25/20;Espinar;10
8/25/20;La Convencion;27
8/25/20;Paruro;4
8/25/20;Paucartambo;0
8/25/20;Quispicanchi;10
8/25/20;Urubamba;11
8/26/20;Acomayo;1
8/26/20;Anta;10
8/26/20;Calca;3
8/26/20;Canas;2
8/26/20;Canchis;28
8/26/20;Chumbivilcas;3
8/26/20;Cusco;763
8/26/20;Espinar;10
8/26/20;La Convencion;27
8/26/20;Paruro;4
8/26/20;Paucartambo;0
8/26/20;Quispicanchi;11
8/26/20;Urubamba;11
8/27/20;Acomayo;1
8/27/20;Anta;10
8/27/20;Calca;3
8/27/20;Canas;2
8/27/20;Canchis;30
8/27/20;Chumbivilcas;3
8/27/20;Cusco;781
8/27/20;Espinar;10
8/27/20;La Convencion;27
8/27/20;Paruro;4
8/27/20;Paucartambo;0
8/27/20;Quispicanchi;11
8/27/20;Urubamba;12
8/28/20;Acomayo;1
8/28/20;Anta;12
8/28/20;Calca;4
8/28/20;Canas;2
8/28/20;Canchis;31
8/28/20;Chumbivilcas;3
8/28/20;Cusco;798
8/28/20;Espinar;10
8/28/20;La Convencion;27
8/28/20;Paruro;4
8/28/20;Paucartambo;0
8/28/20;Quispicanchi;11
8/28/20;Urubamba;12
8/29/20;Acomayo;1
8/29/20;Anta;12
8/29/20;Calca;4
8/29/20;Canas;2
8/29/20;Canchis;32
8/29/20;Chumbivilcas;3
8/29/20;Cusco;814
8/29/20;Espinar;10
8/29/20;La Convencion;27
8/29/20;Paruro;4
8/29/20;Paucartambo;0
8/29/20;Quispicanchi;12
8/29/20;Urubamba;12
8/3/20;Acomayo;1
8/3/20;Anta;0
8/3/20;Calca;2
8/3/20;Canas;1
8/3/20;Canchis;2
8/3/20;Chumbivilcas;1
8/3/20;Cusco;318
8/3/20;Espinar;2
8/3/20;La Convencion;8
8/3/20;Paruro;0
8/3/20;Paucartambo;0
8/3/20;Quispicanchi;3
8/3/20;Urubamba;5
8/30/20;Acomayo;1
8/30/20;Anta;13
8/30/20;Calca;5
8/30/20;Canas;2
8/30/20;Canchis;32
8/30/20;Chumbivilcas;3
8/30/20;Cusco;827
8/30/20;Espinar;11
8/30/20;La Convencion;27
8/30/20;Paruro;5
8/30/20;Paucartambo;0
8/30/20;Quispicanchi;13
8/30/20;Urubamba;12
8/31/20;Acomayo;1
8/31/20;Anta;14
8/31/20;Calca;6
8/31/20;Canas;2
8/31/20;Canchis;34
8/31/20;Chumbivilcas;3
8/31/20;Cusco;844
8/31/20;Espinar;11
8/31/20;La Convencion;27
8/31/20;Paruro;5
8/31/20;Paucartambo;0
8/31/20;Quispicanchi;15
8/31/20;Urubamba;12
8/4/20;Acomayo;1
8/4/20;Anta;1
8/4/20;Calca;2
8/4/20;Canas;1
8/4/20;Canchis;2
8/4/20;Chumbivilcas;1
8/4/20;Cusco;337
8/4/20;Espinar;2
8/4/20;La Convencion;8
8/4/20;Paruro;0
8/4/20;Paucartambo;0
8/4/20;Quispicanchi;3
8/4/20;Urubamba;6
8/5/20;Acomayo;1
8/5/20;Anta;2
8/5/20;Calca;2
8/5/20;Canas;1
8/5/20;Canchis;2
8/5/20;Chumbivilcas;1
8/5/20;Cusco;350
8/5/20;Espinar;3
8/5/20;La Convencion;8
8/5/20;Paruro;0
8/5/20;Paucartambo;0
8/5/20;Quispicanchi;3
8/5/20;Urubamba;6
8/6/20;Acomayo;1
8/6/20;Anta;2
8/6/20;Calca;2
8/6/20;Canas;1
8/6/20;Canchis;2
8/6/20;Chumbivilcas;1
8/6/20;Cusco;374
8/6/20;Espinar;3
8/6/20;La Convencion;9
8/6/20;Paruro;0
8/6/20;Paucartambo;0
8/6/20;Quispicanchi;3
8/6/20;Urubamba;8
8/7/20;Acomayo;1
8/7/20;Anta;2
8/7/20;Calca;2
8/7/20;Canas;1
8/7/20;Canchis;2
8/7/20;Chumbivilcas;1
8/7/20;Cusco;399
8/7/20;Espinar;4
8/7/20;La Convencion;9
8/7/20;Paruro;0
8/7/20;Paucartambo;0
8/7/20;Quispicanchi;3
8/7/20;Urubamba;9
8/8/20;Acomayo;1
8/8/20;Anta;3
8/8/20;Calca;2
8/8/20;Canas;1
8/8/20;Canchis;4
8/8/20;Chumbivilcas;1
8/8/20;Cusco;424
8/8/20;Espinar;4
8/8/20;La Convencion;11
8/8/20;Paruro;0
8/8/20;Paucartambo;0
8/8/20;Quispicanchi;3
8/8/20;Urubamba;9
8/9/20;Acomayo;1
8/9/20;Anta;4
8/9/20;Calca;2
8/9/20;Canas;1
8/9/20;Canchis;4
8/9/20;Chumbivilcas;1
8/9/20;Cusco;441
8/9/20;Espinar;4
8/9/20;La Convencion;11
8/9/20;Paruro;0
8/9/20;Paucartambo;0
8/9/20;Quispicanchi;3
8/9/20;Urubamba;9
9/1/20;Acomayo;1
9/1/20;Anta;14
9/1/20;Calca;6
9/1/20;Canas;2
9/1/20;Canchis;35
9/1/20;Chumbivilcas;3
9/1/20;Cusco;849
9/1/20;Espinar;11
9/1/20;La Convencion;28
9/1/20;Paruro;5
9/1/20;Paucartambo;0
9/1/20;Quispicanchi;15
9/1/20;Urubamba;12
9/10/20;Acomayo;1
9/10/20;Anta;15
9/10/20;Calca;7
9/10/20;Canas;2
9/10/20;Canchis;36
9/10/20;Chumbivilcas;3
9/10/20;Cusco;908
9/10/20;Espinar;12
9/10/20;La Convencion;30
9/10/20;Paruro;5
9/10/20;Paucartambo;0
9/10/20;Quispicanchi;16
9/10/20;Urubamba;13
9/11/20;Acomayo;1
9/11/20;Anta;15
9/11/20;Calca;7
9/11/20;Canas;2
9/11/20;Canchis;36
9/11/20;Chumbivilcas;3
9/11/20;Cusco;916
9/11/20;Espinar;12
9/11/20;La Convencion;31
9/11/20;Paruro;5
9/11/20;Paucartambo;0
9/11/20;Quispicanchi;16
9/11/20;Urubamba;13
9/12/20;Acomayo;2
9/12/20;Anta;15
9/12/20;Calca;7
9/12/20;Canas;2
9/12/20;Canchis;36
9/12/20;Chumbivilcas;3
9/12/20;Cusco;923
9/12/20;Espinar;12
9/12/20;La Convencion;32
9/12/20;Paruro;5
9/12/20;Paucartambo;0
9/12/20;Quispicanchi;16
9/12/20;Urubamba;13
9/13/20;Acomayo;2
9/13/20;Anta;15
9/13/20;Calca;7
9/13/20;Canas;2
9/13/20;Canchis;36
9/13/20;Chumbivilcas;3
9/13/20;Cusco;927
9/13/20;Espinar;12
9/13/20;La Convencion;32
9/13/20;Paruro;5
9/13/20;Paucartambo;0
9/13/20;Quispicanchi;16
9/13/20;Urubamba;13
9/14/20;Acomayo;2
9/14/20;Anta;15
9/14/20;Calca;7
9/14/20;Canas;2
9/14/20;Canchis;36
9/14/20;Chumbivilcas;3
9/14/20;Cusco;936
9/14/20;Espinar;12
9/14/20;La Convencion;32
9/14/20;Paruro;5
9/14/20;Paucartambo;0
9/14/20;Quispicanchi;16
9/14/20;Urubamba;13
9/15/20;Acomayo;2
9/15/20;Anta;15
9/15/20;Calca;7
9/15/20;Canas;2
9/15/20;Canchis;36
9/15/20;Chumbivilcas;3
9/15/20;Cusco;943
9/15/20;Espinar;12
9/15/20;La Convencion;32
9/15/20;Paruro;5
9/15/20;Paucartambo;0
9/15/20;Quispicanchi;16
9/15/20;Urubamba;13
9/16/20;Acomayo;2
9/16/20;Anta;16
9/16/20;Calca;7
9/16/20;Canas;2
9/16/20;Canchis;36
9/16/20;Chumbivilcas;3
9/16/20;Cusco;944
9/16/20;Espinar;12
9/16/20;La Convencion;32
9/16/20;Paruro;5
9/16/20;Paucartambo;0
9/16/20;Quispicanchi;17
9/16/20;Urubamba;13
9/17/20;Acomayo;2
9/17/20;Anta;17
9/17/20;Calca;7
9/17/20;Canas;2
9/17/20;Canchis;36
9/17/20;Chumbivilcas;3
9/17/20;Cusco;949
9/17/20;Espinar;12
9/17/20;La Convencion;32
9/17/20;Paruro;5
9/17/20;Paucartambo;0
9/17/20;Quispicanchi;18
9/17/20;Urubamba;13
9/18/20;Acomayo;2
9/18/20;Anta;17
9/18/20;Calca;7
9/18/20;Canas;2
9/18/20;Canchis;36
9/18/20;Chumbivilcas;3
9/18/20;Cusco;952
9/18/20;Espinar;12
9/18/20;La Convencion;34
9/18/20;Paruro;5
9/18/20;Paucartambo;0
9/18/20;Quispicanchi;18
9/18/20;Urubamba;13
9/19/20;Acomayo;2
9/19/20;Anta;17
9/19/20;Calca;7
9/19/20;Canas;2
9/19/20;Canchis;36
9/19/20;Chumbivilcas;3
9/19/20;Cusco;953
9/19/20;Espinar;12
9/19/20;La Convencion;34
9/19/20;Paruro;5
9/19/20;Paucartambo;0
9/19/20;Quispicanchi;19
9/19/20;Urubamba;13
9/2/20;Acomayo;1
9/2/20;Anta;15
9/2/20;Calca;6
9/2/20;Canas;2
9/2/20;Canchis;35
9/2/20;Chumbivilcas;3
9/2/20;Cusco;859
9/2/20;Espinar;11
9/2/20;La Convencion;29
9/2/20;Paruro;5
9/2/20;Paucartambo;0
9/2/20;Quispicanchi;16
9/2/20;Urubamba;12
9/20/20;Acomayo;2
9/20/20;Anta;17
9/20/20;Calca;7
9/20/20;Canas;2
9/20/20;Canchis;36
9/20/20;Chumbivilcas;3
9/20/20;Cusco;956
9/20/20;Espinar;12
9/20/20;La Convencion;36
9/20/20;Paruro;5
9/20/20;Paucartambo;0
9/20/20;Quispicanchi;19
9/20/20;Urubamba;13
9/21/20;Acomayo;2
9/21/20;Anta;17
9/21/20;Calca;7
9/21/20;Canas;2
9/21/20;Canchis;36
9/21/20;Chumbivilcas;3
9/21/20;Cusco;960
9/21/20;Espinar;12
9/21/20;La Convencion;36
9/21/20;Paruro;5
9/21/20;Paucartambo;0
9/21/20;Quispicanchi;19
9/21/20;Urubamba;13
9/22/20;Acomayo;3
9/22/20;Anta;18
9/22/20;Calca;7
9/22/20;Canas;2
9/22/20;Canchis;36
9/22/20;Chumbivilcas;3
9/22/20;Cusco;960
9/22/20;Espinar;12
9/22/20;La Convencion;37
9/22/20;Paruro;5
9/22/20;Paucartambo;0
9/22/20;Quispicanchi;20
9/22/20;Urubamba;13
9/23/20;Acomayo;3
9/23/20;Anta;18
9/23/20;Calca;7
9/23/20;Canas;2
9/23/20;Canchis;36
9/23/20;Chumbivilcas;3
9/23/20;Cusco;964
9/23/20;Espinar;12
9/23/20;La Convencion;37
9/23/20;Paruro;5
9/23/20;Paucartambo;0
9/23/20;Quispicanchi;20
9/23/20;Urubamba;13
9/24/20;Acomayo;3
9/24/20;Anta;19
9/24/20;Calca;7
9/24/20;Canas;2
9/24/20;Canchis;36
9/24/20;Chumbivilcas;3
9/24/20;Cusco;970
9/24/20;Espinar;12
9/24/20;La Convencion;38
9/24/20;Paruro;5
9/24/20;Paucartambo;0
9/24/20;Quispicanchi;20
9/24/20;Urubamba;13
9/25/20;Acomayo;3
9/25/20;Anta;19
9/25/20;Calca;7
9/25/20;Canas;2
9/25/20;Canchis;38
9/25/20;Chumbivilcas;3
9/25/20;Cusco;973
9/25/20;Espinar;12
9/25/20;La Convencion;39
9/25/20;Paruro;5
9/25/20;Paucartambo;0
9/25/20;Quispicanchi;20
9/25/20;Urubamba;13
9/26/20;Acomayo;3
9/26/20;Anta;19
9/26/20;Calca;7
9/26/20;Canas;2
9/26/20;Canchis;39
9/26/20;Chumbivilcas;3
9/26/20;Cusco;977
9/26/20;Espinar;13
9/26/20;La Convencion;39
9/26/20;Paruro;6
9/26/20;Paucartambo;0
9/26/20;Quispicanchi;20
9/26/20;Urubamba;13
9/27/20;Acomayo;3
9/27/20;Anta;19
9/27/20;Calca;7
9/27/20;Canas;2
9/27/20;Canchis;40
9/27/20;Chumbivilcas;3
9/27/20;Cusco;978
9/27/20;Espinar;13
9/27/20;La Convencion;39
9/27/20;Paruro;7
9/27/20;Paucartambo;0
9/27/20;Quispicanchi;20
9/27/20;Urubamba;13
9/28/20;Acomayo;4
9/28/20;Anta;19
9/28/20;Calca;7
9/28/20;Canas;2
9/28/20;Canchis;40
9/28/20;Chumbivilcas;3
9/28/20;Cusco;982
9/28/20;Espinar;13
9/28/20;La Convencion;40
9/28/20;Paruro;7
9/28/20;Paucartambo;0
9/28/20;Quispicanchi;20
9/28/20;Urubamba;13
9/29/20;Acomayo;4
9/29/20;Anta;19
9/29/20;Calca;8
9/29/20;Canas;2
9/29/20;Canchis;40
9/29/20;Chumbivilcas;3
9/29/20;Cusco;984
9/29/20;Espinar;13
9/29/20;La Convencion;41
9/29/20;Paruro;7
9/29/20;Paucartambo;0
9/29/20;Quispicanchi;20
9/29/20;Urubamba;13
9/3/20;Acomayo;1
9/3/20;Anta;15
9/3/20;Calca;7
9/3/20;Canas;2
9/3/20;Canchis;35
9/3/20;Chumbivilcas;3
9/3/20;Cusco;863
9/3/20;Espinar;11
9/3/20;La Convencion;29
9/3/20;Paruro;5
9/3/20;Paucartambo;0
9/3/20;Quispicanchi;16
9/3/20;Urubamba;12
9/30/20;Acomayo;4
9/30/20;Anta;19
9/30/20;Calca;8
9/30/20;Canas;2
9/30/20;Canchis;40
9/30/20;Chumbivilcas;3
9/30/20;Cusco;987
9/30/20;Espinar;13
9/30/20;La Convencion;41
9/30/20;Paruro;7
9/30/20;Paucartambo;0
9/30/20;Quispicanchi;20
9/30/20;Urubamba;13
9/4/20;Acomayo;1
9/4/20;Anta;15
9/4/20;Calca;7
9/4/20;Canas;2
9/4/20;Canchis;35
9/4/20;Chumbivilcas;3
9/4/20;Cusco;867
9/4/20;Espinar;12
9/4/20;La Convencion;29
9/4/20;Paruro;5
9/4/20;Paucartambo;0
9/4/20;Quispicanchi;16
9/4/20;Urubamba;12
9/5/20;Acomayo;1
9/5/20;Anta;15
9/5/20;Calca;7
9/5/20;Canas;2
9/5/20;Canchis;35
9/5/20;Chumbivilcas;3
9/5/20;Cusco;876
9/5/20;Espinar;12
9/5/20;La Convencion;29
9/5/20;Paruro;5
9/5/20;Paucartambo;0
9/5/20;Quispicanchi;16
9/5/20;Urubamba;13
9/6/20;Acomayo;1
9/6/20;Anta;15
9/6/20;Calca;7
9/6/20;Canas;2
9/6/20;Canchis;35
9/6/20;Chumbivilcas;3
9/6/20;Cusco;882
9/6/20;Espinar;12
9/6/20;La Convencion;29
9/6/20;Paruro;5
9/6/20;Paucartambo;0
9/6/20;Quispicanchi;16
9/6/20;Urubamba;13
9/7/20;Acomayo;1
9/7/20;Anta;15
9/7/20;Calca;7
9/7/20;Canas;2
9/7/20;Canchis;35
9/7/20;Chumbivilcas;3
9/7/20;Cusco;884
9/7/20;Espinar;12
9/7/20;La Convencion;29
9/7/20;Paruro;5
9/7/20;Paucartambo;0
9/7/20;Quispicanchi;16
9/7/20;Urubamba;13
9/8/20;Acomayo;1
9/8/20;Anta;15
9/8/20;Calca;7
9/8/20;Canas;2
9/8/20;Canchis;35
9/8/20;Chumbivilcas;3
9/8/20;Cusco;892
9/8/20;Espinar;12
9/8/20;La Convencion;30
9/8/20;Paruro;5
9/8/20;Paucartambo;0
9/8/20;Quispicanchi;16
9/8/20;Urubamba;13
9/9/20;Acomayo;1
9/9/20;Anta;15
9/9/20;Calca;7
9/9/20;Canas;2
9/9/20;Canchis;36
9/9/20;Chumbivilcas;3
9/9/20;Cusco;898
9/9/20;Espinar;12
9/9/20;La Convencion;30
9/9/20;Paruro;5
9/9/20;Paucartambo;0
9/9/20;Quispicanchi;16
9/9/20;Urubamba;13
